<?xml version="1.0" encoding="Windows-1252"?>
<!-- Informatica proprietary -->
<!DOCTYPE POWERMART SYSTEM "powrmart.dtd">
<POWERMART CREATION_DATE="02/27/2025 17:56:41" REPOSITORY_VERSION="189.98">
<REPOSITORY NAME="REP" VERSION="189" CODEPAGE="MS1252" DATABASETYPE="Oracle">
<FOLDER NAME="Test" GROUP="" OWNER="Administrator" SHARED="NOTSHARED" DESCRIPTION="" PERMISSIONS="rwx---r--" UUID="8218d282-cb8a-40be-9551-42ee51c884c5">
    <SOURCE BUSINESSNAME ="" DATABASETYPE ="Flat File" DBDNAME ="FlatFile" DESCRIPTION ="" NAME ="INSURANCE_MOCK_DATA_1#" OBJECTVERSION ="1" OWNERNAME ="" VERSIONNUMBER ="1">
        <FLATFILE CODEPAGE ="MS1252" CONSECDELIMITERSASONE ="NO" DELIMITED ="YES" DELIMITERS ="," ESCAPE_CHARACTER ="" KEEPESCAPECHAR ="NO" LINESEQUENTIAL ="NO" MULTIDELIMITERSASAND ="NO" NULLCHARTYPE ="ASCII" NULL_CHARACTER ="*" PADBYTES ="1" QUOTE_CHARACTER ="DOUBLE" REPEATABLE ="NO" ROWDELIMITER ="0" SHIFTSENSITIVEDATA ="NO" SKIPROWS ="1" STRIPTRAILINGBLANKS ="NO"/>
        <TABLEATTRIBUTE NAME ="Base Table Name" VALUE =""/>
        <TABLEATTRIBUTE NAME ="Search Specification" VALUE =""/>
        <TABLEATTRIBUTE NAME ="Sort Specification" VALUE =""/>
        <TABLEATTRIBUTE NAME ="Datetime Format" VALUE ="A  19 mm/dd/yyyy hh24:mi:ss"/>
        <TABLEATTRIBUTE NAME ="Thousand Separator" VALUE ="None"/>
        <TABLEATTRIBUTE NAME ="Decimal Separator" VALUE ="."/>
        <TABLEATTRIBUTE NAME ="Add Currently Processed Flat File Name Port" VALUE ="NO"/>
        <TABLEATTRIBUTE NAME ="Source TimeStamp" VALUE =""/>
        <SOURCEFIELD BUSINESSNAME ="" DATATYPE ="number" DESCRIPTION ="" FIELDNUMBER ="1" FIELDPROPERTY ="0" FIELDTYPE ="ELEMITEM" HIDDEN ="NO" KEYTYPE ="NOT A KEY" LENGTH ="5" LEVEL ="0" NAME ="INS_ID" NULLABLE ="NULL" OCCURS ="0" OFFSET ="0" PHYSICALLENGTH ="5" PHYSICALOFFSET ="0" PICTURETEXT ="" PRECISION ="5" SCALE ="0" USAGE_FLAGS =""/>
        <SOURCEFIELD BUSINESSNAME ="" DATATYPE ="string" DESCRIPTION ="" FIELDNUMBER ="2" FIELDPROPERTY ="0" FIELDTYPE ="ELEMITEM" HIDDEN ="NO" KEYTYPE ="NOT A KEY" LENGTH ="12" LEVEL ="0" NAME ="FIRST_NAME" NULLABLE ="NULL" OCCURS ="0" OFFSET ="5" PHYSICALLENGTH ="12" PHYSICALOFFSET ="5" PICTURETEXT ="" PRECISION ="12" SCALE ="0" USAGE_FLAGS =""/>
        <SOURCEFIELD BUSINESSNAME ="" DATATYPE ="string" DESCRIPTION ="" FIELDNUMBER ="3" FIELDPROPERTY ="0" FIELDTYPE ="ELEMITEM" HIDDEN ="NO" KEYTYPE ="NOT A KEY" LENGTH ="17" LEVEL ="0" NAME ="LAST_NAME" NULLABLE ="NULL" OCCURS ="0" OFFSET ="17" PHYSICALLENGTH ="17" PHYSICALOFFSET ="17" PICTURETEXT ="" PRECISION ="17" SCALE ="0" USAGE_FLAGS =""/>
        <SOURCEFIELD BUSINESSNAME ="" DATATYPE ="string" DESCRIPTION ="" FIELDNUMBER ="4" FIELDPROPERTY ="0" FIELDTYPE ="ELEMITEM" HIDDEN ="NO" KEYTYPE ="NOT A KEY" LENGTH ="6" LEVEL ="0" NAME ="GENDER" NULLABLE ="NULL" OCCURS ="0" OFFSET ="34" PHYSICALLENGTH ="6" PHYSICALOFFSET ="34" PICTURETEXT ="" PRECISION ="6" SCALE ="0" USAGE_FLAGS =""/>
        <SOURCEFIELD BUSINESSNAME ="" DATATYPE ="string" DESCRIPTION ="" FIELDNUMBER ="5" FIELDPROPERTY ="0" FIELDTYPE ="ELEMITEM" HIDDEN ="NO" KEYTYPE ="NOT A KEY" LENGTH ="14" LEVEL ="0" NAME ="COUNTRY" NULLABLE ="NULL" OCCURS ="0" OFFSET ="40" PHYSICALLENGTH ="14" PHYSICALOFFSET ="40" PICTURETEXT ="" PRECISION ="14" SCALE ="0" USAGE_FLAGS =""/>
        <SOURCEFIELD BUSINESSNAME ="" DATATYPE ="string" DESCRIPTION ="" FIELDNUMBER ="6" FIELDPROPERTY ="0" FIELDTYPE ="ELEMITEM" HIDDEN ="NO" KEYTYPE ="NOT A KEY" LENGTH ="10" LEVEL ="0" NAME ="DOB" NULLABLE ="NULL" OCCURS ="0" OFFSET ="54" PHYSICALLENGTH ="10" PHYSICALOFFSET ="54" PICTURETEXT ="" PRECISION ="10" SCALE ="0" USAGE_FLAGS =""/>
        <SOURCEFIELD BUSINESSNAME ="" DATATYPE ="string" DESCRIPTION ="" FIELDNUMBER ="7" FIELDPROPERTY ="0" FIELDTYPE ="ELEMITEM" HIDDEN ="NO" KEYTYPE ="NOT A KEY" LENGTH ="35" LEVEL ="0" NAME ="EMAIL" NULLABLE ="NULL" OCCURS ="0" OFFSET ="64" PHYSICALLENGTH ="35" PHYSICALOFFSET ="64" PICTURETEXT ="" PRECISION ="35" SCALE ="0" USAGE_FLAGS =""/>
        <SOURCEFIELD BUSINESSNAME ="" DATATYPE ="string" DESCRIPTION ="" FIELDNUMBER ="8" FIELDPROPERTY ="0" FIELDTYPE ="ELEMITEM" HIDDEN ="NO" KEYTYPE ="NOT A KEY" LENGTH ="12" LEVEL ="0" NAME ="PHONE_NUMBER" NULLABLE ="NULL" OCCURS ="0" OFFSET ="99" PHYSICALLENGTH ="12" PHYSICALOFFSET ="99" PICTURETEXT ="" PRECISION ="12" SCALE ="0" USAGE_FLAGS =""/>
        <SOURCEFIELD BUSINESSNAME ="" DATATYPE ="number" DESCRIPTION ="" FIELDNUMBER ="9" FIELDPROPERTY ="0" FIELDTYPE ="ELEMITEM" HIDDEN ="NO" KEYTYPE ="NOT A KEY" LENGTH ="10" LEVEL ="0" NAME ="POLICY_NUMBER" NULLABLE ="NULL" OCCURS ="0" OFFSET ="111" PHYSICALLENGTH ="10" PHYSICALOFFSET ="111" PICTURETEXT ="" PRECISION ="10" SCALE ="0" USAGE_FLAGS =""/>
        <SOURCEFIELD BUSINESSNAME ="" DATATYPE ="string" DESCRIPTION ="" FIELDNUMBER ="10" FIELDPROPERTY ="0" FIELDTYPE ="ELEMITEM" HIDDEN ="NO" KEYTYPE ="NOT A KEY" LENGTH ="25" LEVEL ="0" NAME ="BENEFICIARY_NAME" NULLABLE ="NULL" OCCURS ="0" OFFSET ="121" PHYSICALLENGTH ="25" PHYSICALOFFSET ="121" PICTURETEXT ="" PRECISION ="25" SCALE ="0" USAGE_FLAGS =""/>
        <SOURCEFIELD BUSINESSNAME ="" DATATYPE ="string" DESCRIPTION ="" FIELDNUMBER ="11" FIELDPROPERTY ="0" FIELDTYPE ="ELEMITEM" HIDDEN ="NO" KEYTYPE ="NOT A KEY" LENGTH ="8" LEVEL ="0" NAME ="POLICY_AMOUNT" NULLABLE ="NULL" OCCURS ="0" OFFSET ="146" PHYSICALLENGTH ="8" PHYSICALOFFSET ="146" PICTURETEXT ="" PRECISION ="8" SCALE ="0" USAGE_FLAGS =""/>
        <SOURCEFIELD BUSINESSNAME ="" DATATYPE ="string" DESCRIPTION ="" FIELDNUMBER ="12" FIELDPROPERTY ="0" FIELDTYPE ="ELEMITEM" HIDDEN ="NO" KEYTYPE ="NOT A KEY" LENGTH ="10" LEVEL ="0" NAME ="POLICY_END_DATE" NULLABLE ="NULL" OCCURS ="0" OFFSET ="154" PHYSICALLENGTH ="10" PHYSICALOFFSET ="154" PICTURETEXT ="" PRECISION ="10" SCALE ="0" USAGE_FLAGS =""/>
    </SOURCE>
    <TARGET BUSINESSNAME ="" CONSTRAINT ="" DATABASETYPE ="Flat File" DESCRIPTION ="" NAME ="target_file_I_5_M" OBJECTVERSION ="1" TABLEOPTIONS ="" VERSIONNUMBER ="1">
        <FLATFILE CODEPAGE ="MS1252" CONSECDELIMITERSASONE ="NO" DELIMITED ="YES" DELIMITERS =" " ESCAPE_CHARACTER ="" KEEPESCAPECHAR ="NO" LINESEQUENTIAL ="NO" MULTIDELIMITERSASAND ="NO" NULLCHARTYPE ="ASCII" NULL_CHARACTER ="*" PADBYTES ="1" QUOTE_CHARACTER ="DOUBLE" REPEATABLE ="NO" ROWDELIMITER ="0" SKIPROWS ="1" STRIPTRAILINGBLANKS ="NO"/>
        <TARGETFIELD BUSINESSNAME ="" DATATYPE ="number" DESCRIPTION ="" FIELDNUMBER ="1" KEYTYPE ="NOT A KEY" NAME ="INS_ID" NULLABLE ="NULL" PICTURETEXT ="" PRECISION ="5" SCALE ="0"/>
        <TARGETFIELD BUSINESSNAME ="" DATATYPE ="string" DESCRIPTION ="" FIELDNUMBER ="2" KEYTYPE ="NOT A KEY" NAME ="FIRST_NAME" NULLABLE ="NULL" PICTURETEXT ="" PRECISION ="12" SCALE ="0"/>
        <TARGETFIELD BUSINESSNAME ="" DATATYPE ="string" DESCRIPTION ="" FIELDNUMBER ="3" KEYTYPE ="NOT A KEY" NAME ="LAST_NAME" NULLABLE ="NULL" PICTURETEXT ="" PRECISION ="17" SCALE ="0"/>
        <TARGETFIELD BUSINESSNAME ="" DATATYPE ="string" DESCRIPTION ="" FIELDNUMBER ="4" KEYTYPE ="NOT A KEY" NAME ="GENDER" NULLABLE ="NULL" PICTURETEXT ="" PRECISION ="6" SCALE ="0"/>
        <TARGETFIELD BUSINESSNAME ="" DATATYPE ="string" DESCRIPTION ="" FIELDNUMBER ="5" KEYTYPE ="NOT A KEY" NAME ="COUNTRY" NULLABLE ="NULL" PICTURETEXT ="" PRECISION ="14" SCALE ="0"/>
        <TARGETFIELD BUSINESSNAME ="" DATATYPE ="string" DESCRIPTION ="" FIELDNUMBER ="6" KEYTYPE ="NOT A KEY" NAME ="DOB" NULLABLE ="NULL" PICTURETEXT ="" PRECISION ="10" SCALE ="0"/>
        <TARGETFIELD BUSINESSNAME ="" DATATYPE ="string" DESCRIPTION ="" FIELDNUMBER ="7" KEYTYPE ="NOT A KEY" NAME ="EMAIL" NULLABLE ="NULL" PICTURETEXT ="" PRECISION ="35" SCALE ="0"/>
        <TARGETFIELD BUSINESSNAME ="" DATATYPE ="string" DESCRIPTION ="" FIELDNUMBER ="8" KEYTYPE ="NOT A KEY" NAME ="PHONE_NUMBER" NULLABLE ="NULL" PICTURETEXT ="" PRECISION ="12" SCALE ="0"/>
        <TARGETFIELD BUSINESSNAME ="" DATATYPE ="number" DESCRIPTION ="" FIELDNUMBER ="9" KEYTYPE ="NOT A KEY" NAME ="POLICY_NUMBER" NULLABLE ="NULL" PICTURETEXT ="" PRECISION ="10" SCALE ="0"/>
        <TARGETFIELD BUSINESSNAME ="" DATATYPE ="string" DESCRIPTION ="" FIELDNUMBER ="10" KEYTYPE ="NOT A KEY" NAME ="BENEFICIARY_NAME" NULLABLE ="NULL" PICTURETEXT ="" PRECISION ="25" SCALE ="0"/>
        <TARGETFIELD BUSINESSNAME ="" DATATYPE ="string" DESCRIPTION ="" FIELDNUMBER ="11" KEYTYPE ="NOT A KEY" NAME ="POLICY_AMOUNT" NULLABLE ="NULL" PICTURETEXT ="" PRECISION ="8" SCALE ="0"/>
        <TARGETFIELD BUSINESSNAME ="" DATATYPE ="string" DESCRIPTION ="" FIELDNUMBER ="12" KEYTYPE ="NOT A KEY" NAME ="POLICY_END_DATE" NULLABLE ="NULL" PICTURETEXT ="" PRECISION ="10" SCALE ="0"/>
        <TABLEATTRIBUTE NAME ="Datetime Format" VALUE ="A  19 mm/dd/yyyy hh24:mi:ss"/>
        <TABLEATTRIBUTE NAME ="Thousand Separator" VALUE ="None"/>
        <TABLEATTRIBUTE NAME ="Decimal Separator" VALUE ="."/>
        <TABLEATTRIBUTE NAME ="Line Endings" VALUE ="System default"/>
    </TARGET>
    <TARGET BUSINESSNAME ="" CONSTRAINT ="" DATABASETYPE ="Flat File" DESCRIPTION ="" NAME ="target_file_I_5_F" OBJECTVERSION ="1" TABLEOPTIONS ="" VERSIONNUMBER ="1">
        <FLATFILE CODEPAGE ="MS1252" CONSECDELIMITERSASONE ="NO" DELIMITED ="YES" DELIMITERS =" " ESCAPE_CHARACTER ="" KEEPESCAPECHAR ="NO" LINESEQUENTIAL ="NO" MULTIDELIMITERSASAND ="NO" NULLCHARTYPE ="ASCII" NULL_CHARACTER ="*" PADBYTES ="1" QUOTE_CHARACTER ="DOUBLE" REPEATABLE ="NO" ROWDELIMITER ="0" SKIPROWS ="1" STRIPTRAILINGBLANKS ="NO"/>
        <TARGETFIELD BUSINESSNAME ="" DATATYPE ="number" DESCRIPTION ="" FIELDNUMBER ="1" KEYTYPE ="NOT A KEY" NAME ="INS_ID" NULLABLE ="NULL" PICTURETEXT ="" PRECISION ="5" SCALE ="0"/>
        <TARGETFIELD BUSINESSNAME ="" DATATYPE ="string" DESCRIPTION ="" FIELDNUMBER ="2" KEYTYPE ="NOT A KEY" NAME ="FIRST_NAME" NULLABLE ="NULL" PICTURETEXT ="" PRECISION ="12" SCALE ="0"/>
        <TARGETFIELD BUSINESSNAME ="" DATATYPE ="string" DESCRIPTION ="" FIELDNUMBER ="3" KEYTYPE ="NOT A KEY" NAME ="LAST_NAME" NULLABLE ="NULL" PICTURETEXT ="" PRECISION ="17" SCALE ="0"/>
        <TARGETFIELD BUSINESSNAME ="" DATATYPE ="string" DESCRIPTION ="" FIELDNUMBER ="4" KEYTYPE ="NOT A KEY" NAME ="GENDER" NULLABLE ="NULL" PICTURETEXT ="" PRECISION ="6" SCALE ="0"/>
        <TARGETFIELD BUSINESSNAME ="" DATATYPE ="string" DESCRIPTION ="" FIELDNUMBER ="5" KEYTYPE ="NOT A KEY" NAME ="COUNTRY" NULLABLE ="NULL" PICTURETEXT ="" PRECISION ="14" SCALE ="0"/>
        <TARGETFIELD BUSINESSNAME ="" DATATYPE ="string" DESCRIPTION ="" FIELDNUMBER ="6" KEYTYPE ="NOT A KEY" NAME ="DOB" NULLABLE ="NULL" PICTURETEXT ="" PRECISION ="10" SCALE ="0"/>
        <TARGETFIELD BUSINESSNAME ="" DATATYPE ="string" DESCRIPTION ="" FIELDNUMBER ="7" KEYTYPE ="NOT A KEY" NAME ="EMAIL" NULLABLE ="NULL" PICTURETEXT ="" PRECISION ="35" SCALE ="0"/>
        <TARGETFIELD BUSINESSNAME ="" DATATYPE ="string" DESCRIPTION ="" FIELDNUMBER ="8" KEYTYPE ="NOT A KEY" NAME ="PHONE_NUMBER" NULLABLE ="NULL" PICTURETEXT ="" PRECISION ="12" SCALE ="0"/>
        <TARGETFIELD BUSINESSNAME ="" DATATYPE ="number" DESCRIPTION ="" FIELDNUMBER ="9" KEYTYPE ="NOT A KEY" NAME ="POLICY_NUMBER" NULLABLE ="NULL" PICTURETEXT ="" PRECISION ="10" SCALE ="0"/>
        <TARGETFIELD BUSINESSNAME ="" DATATYPE ="string" DESCRIPTION ="" FIELDNUMBER ="10" KEYTYPE ="NOT A KEY" NAME ="BENEFICIARY_NAME" NULLABLE ="NULL" PICTURETEXT ="" PRECISION ="25" SCALE ="0"/>
        <TARGETFIELD BUSINESSNAME ="" DATATYPE ="string" DESCRIPTION ="" FIELDNUMBER ="11" KEYTYPE ="NOT A KEY" NAME ="POLICY_AMOUNT" NULLABLE ="NULL" PICTURETEXT ="" PRECISION ="8" SCALE ="0"/>
        <TARGETFIELD BUSINESSNAME ="" DATATYPE ="string" DESCRIPTION ="" FIELDNUMBER ="12" KEYTYPE ="NOT A KEY" NAME ="POLICY_END_DATE" NULLABLE ="NULL" PICTURETEXT ="" PRECISION ="10" SCALE ="0"/>
        <TABLEATTRIBUTE NAME ="Datetime Format" VALUE ="A  19 mm/dd/yyyy hh24:mi:ss"/>
        <TABLEATTRIBUTE NAME ="Thousand Separator" VALUE ="None"/>
        <TABLEATTRIBUTE NAME ="Decimal Separator" VALUE ="."/>
        <TABLEATTRIBUTE NAME ="Line Endings" VALUE ="System default"/>
    </TARGET>
    <MAPPING DESCRIPTION ="" ISVALID ="YES" NAME ="m_insurance_5" OBJECTVERSION ="1" VERSIONNUMBER ="1">
        <TRANSFORMATION DESCRIPTION ="" NAME ="SQ_INSURANCE_MOCK_DATA_1#" OBJECTVERSION ="1" REUSABLE ="NO" TYPE ="Source Qualifier" VERSIONNUMBER ="1">
            <TRANSFORMFIELD DATATYPE ="decimal" DEFAULTVALUE ="" DESCRIPTION ="" NAME ="INS_ID" PICTURETEXT ="" PORTTYPE ="INPUT/OUTPUT" PRECISION ="5" SCALE ="0"/>
            <TRANSFORMFIELD DATATYPE ="string" DEFAULTVALUE ="" DESCRIPTION ="" NAME ="FIRST_NAME" PICTURETEXT ="" PORTTYPE ="INPUT/OUTPUT" PRECISION ="12" SCALE ="0"/>
            <TRANSFORMFIELD DATATYPE ="string" DEFAULTVALUE ="" DESCRIPTION ="" NAME ="LAST_NAME" PICTURETEXT ="" PORTTYPE ="INPUT/OUTPUT" PRECISION ="17" SCALE ="0"/>
            <TRANSFORMFIELD DATATYPE ="string" DEFAULTVALUE ="" DESCRIPTION ="" NAME ="GENDER" PICTURETEXT ="" PORTTYPE ="INPUT/OUTPUT" PRECISION ="6" SCALE ="0"/>
            <TRANSFORMFIELD DATATYPE ="string" DEFAULTVALUE ="" DESCRIPTION ="" NAME ="COUNTRY" PICTURETEXT ="" PORTTYPE ="INPUT/OUTPUT" PRECISION ="14" SCALE ="0"/>
            <TRANSFORMFIELD DATATYPE ="string" DEFAULTVALUE ="" DESCRIPTION ="" NAME ="DOB" PICTURETEXT ="" PORTTYPE ="INPUT/OUTPUT" PRECISION ="10" SCALE ="0"/>
            <TRANSFORMFIELD DATATYPE ="string" DEFAULTVALUE ="" DESCRIPTION ="" NAME ="EMAIL" PICTURETEXT ="" PORTTYPE ="INPUT/OUTPUT" PRECISION ="35" SCALE ="0"/>
            <TRANSFORMFIELD DATATYPE ="string" DEFAULTVALUE ="" DESCRIPTION ="" NAME ="PHONE_NUMBER" PICTURETEXT ="" PORTTYPE ="INPUT/OUTPUT" PRECISION ="12" SCALE ="0"/>
            <TRANSFORMFIELD DATATYPE ="decimal" DEFAULTVALUE ="" DESCRIPTION ="" NAME ="POLICY_NUMBER" PICTURETEXT ="" PORTTYPE ="INPUT/OUTPUT" PRECISION ="10" SCALE ="0"/>
            <TRANSFORMFIELD DATATYPE ="string" DEFAULTVALUE ="" DESCRIPTION ="" NAME ="BENEFICIARY_NAME" PICTURETEXT ="" PORTTYPE ="INPUT/OUTPUT" PRECISION ="25" SCALE ="0"/>
            <TRANSFORMFIELD DATATYPE ="string" DEFAULTVALUE ="" DESCRIPTION ="" NAME ="POLICY_AMOUNT" PICTURETEXT ="" PORTTYPE ="INPUT/OUTPUT" PRECISION ="8" SCALE ="0"/>
            <TRANSFORMFIELD DATATYPE ="string" DEFAULTVALUE ="" DESCRIPTION ="" NAME ="POLICY_END_DATE" PICTURETEXT ="" PORTTYPE ="INPUT/OUTPUT" PRECISION ="10" SCALE ="0"/>
            <TABLEATTRIBUTE NAME ="Sql Query" VALUE =""/>
            <TABLEATTRIBUTE NAME ="User Defined Join" VALUE =""/>
            <TABLEATTRIBUTE NAME ="Source Filter" VALUE =""/>
            <TABLEATTRIBUTE NAME ="Number Of Sorted Ports" VALUE ="0"/>
            <TABLEATTRIBUTE NAME ="Tracing Level" VALUE ="Normal"/>
            <TABLEATTRIBUTE NAME ="Select Distinct" VALUE ="NO"/>
            <TABLEATTRIBUTE NAME ="Is Partitionable" VALUE ="NO"/>
            <TABLEATTRIBUTE NAME ="Pre SQL" VALUE =""/>
            <TABLEATTRIBUTE NAME ="Post SQL" VALUE =""/>
            <TABLEATTRIBUTE NAME ="Output is deterministic" VALUE ="NO"/>
            <TABLEATTRIBUTE NAME ="Output is repeatable" VALUE ="Never"/>
        </TRANSFORMATION>
        <TRANSFORMATION DESCRIPTION ="" NAME ="RTRTRANS" OBJECTVERSION ="1" REUSABLE ="NO" TYPE ="Router" VERSIONNUMBER ="1">
            <GROUP DESCRIPTION ="" NAME ="INPUT" ORDER ="1" TYPE ="INPUT"/>
            <GROUP DESCRIPTION ="" EXPRESSION ="GENDER=&apos;Male&apos;" NAME ="NEWGROUP1" ORDER ="2" TYPE ="OUTPUT"/>
            <GROUP DESCRIPTION ="Path for the data when none of the group conditions are satisfied." NAME ="DEFAULT1" ORDER ="4" TYPE ="OUTPUT/DEFAULT"/>
            <GROUP DESCRIPTION ="" EXPRESSION ="GENDER=&apos;Female&apos;" NAME ="NEWGROUP2" ORDER ="3" TYPE ="OUTPUT"/>
            <TRANSFORMFIELD DATATYPE ="decimal" DEFAULTVALUE ="" DESCRIPTION ="" GROUP ="INPUT" NAME ="INS_ID" PICTURETEXT ="" PORTTYPE ="INPUT" PRECISION ="5" SCALE ="0"/>
            <TRANSFORMFIELD DATATYPE ="string" DEFAULTVALUE ="" DESCRIPTION ="" GROUP ="INPUT" NAME ="FIRST_NAME" PICTURETEXT ="" PORTTYPE ="INPUT" PRECISION ="12" SCALE ="0"/>
            <TRANSFORMFIELD DATATYPE ="string" DEFAULTVALUE ="" DESCRIPTION ="" GROUP ="INPUT" NAME ="LAST_NAME" PICTURETEXT ="" PORTTYPE ="INPUT" PRECISION ="17" SCALE ="0"/>
            <TRANSFORMFIELD DATATYPE ="string" DEFAULTVALUE ="" DESCRIPTION ="" GROUP ="INPUT" NAME ="GENDER" PICTURETEXT ="" PORTTYPE ="INPUT" PRECISION ="6" SCALE ="0"/>
            <TRANSFORMFIELD DATATYPE ="string" DEFAULTVALUE ="" DESCRIPTION ="" GROUP ="INPUT" NAME ="COUNTRY" PICTURETEXT ="" PORTTYPE ="INPUT" PRECISION ="14" SCALE ="0"/>
            <TRANSFORMFIELD DATATYPE ="string" DEFAULTVALUE ="" DESCRIPTION ="" GROUP ="INPUT" NAME ="DOB" PICTURETEXT ="" PORTTYPE ="INPUT" PRECISION ="10" SCALE ="0"/>
            <TRANSFORMFIELD DATATYPE ="string" DEFAULTVALUE ="" DESCRIPTION ="" GROUP ="INPUT" NAME ="EMAIL" PICTURETEXT ="" PORTTYPE ="INPUT" PRECISION ="35" SCALE ="0"/>
            <TRANSFORMFIELD DATATYPE ="string" DEFAULTVALUE ="" DESCRIPTION ="" GROUP ="INPUT" NAME ="PHONE_NUMBER" PICTURETEXT ="" PORTTYPE ="INPUT" PRECISION ="12" SCALE ="0"/>
            <TRANSFORMFIELD DATATYPE ="decimal" DEFAULTVALUE ="" DESCRIPTION ="" GROUP ="INPUT" NAME ="POLICY_NUMBER" PICTURETEXT ="" PORTTYPE ="INPUT" PRECISION ="10" SCALE ="0"/>
            <TRANSFORMFIELD DATATYPE ="string" DEFAULTVALUE ="" DESCRIPTION ="" GROUP ="INPUT" NAME ="BENEFICIARY_NAME" PICTURETEXT ="" PORTTYPE ="INPUT" PRECISION ="25" SCALE ="0"/>
            <TRANSFORMFIELD DATATYPE ="string" DEFAULTVALUE ="" DESCRIPTION ="" GROUP ="INPUT" NAME ="POLICY_AMOUNT" PICTURETEXT ="" PORTTYPE ="INPUT" PRECISION ="8" SCALE ="0"/>
            <TRANSFORMFIELD DATATYPE ="string" DEFAULTVALUE ="" DESCRIPTION ="" GROUP ="INPUT" NAME ="POLICY_END_DATE" PICTURETEXT ="" PORTTYPE ="INPUT" PRECISION ="10" SCALE ="0"/>
            <TRANSFORMFIELD DATATYPE ="decimal" DEFAULTVALUE ="" DESCRIPTION ="" GROUP ="NEWGROUP1" NAME ="INS_ID1" PICTURETEXT ="" PORTTYPE ="OUTPUT" PRECISION ="5" REF_FIELD ="INS_ID" SCALE ="0"/>
            <TRANSFORMFIELD DATATYPE ="string" DEFAULTVALUE ="" DESCRIPTION ="" GROUP ="NEWGROUP1" NAME ="FIRST_NAME1" PICTURETEXT ="" PORTTYPE ="OUTPUT" PRECISION ="12" REF_FIELD ="FIRST_NAME" SCALE ="0"/>
            <TRANSFORMFIELD DATATYPE ="string" DEFAULTVALUE ="" DESCRIPTION ="" GROUP ="NEWGROUP1" NAME ="LAST_NAME1" PICTURETEXT ="" PORTTYPE ="OUTPUT" PRECISION ="17" REF_FIELD ="LAST_NAME" SCALE ="0"/>
            <TRANSFORMFIELD DATATYPE ="string" DEFAULTVALUE ="" DESCRIPTION ="" GROUP ="NEWGROUP1" NAME ="GENDER1" PICTURETEXT ="" PORTTYPE ="OUTPUT" PRECISION ="6" REF_FIELD ="GENDER" SCALE ="0"/>
            <TRANSFORMFIELD DATATYPE ="string" DEFAULTVALUE ="" DESCRIPTION ="" GROUP ="NEWGROUP1" NAME ="COUNTRY1" PICTURETEXT ="" PORTTYPE ="OUTPUT" PRECISION ="14" REF_FIELD ="COUNTRY" SCALE ="0"/>
            <TRANSFORMFIELD DATATYPE ="string" DEFAULTVALUE ="" DESCRIPTION ="" GROUP ="NEWGROUP1" NAME ="DOB1" PICTURETEXT ="" PORTTYPE ="OUTPUT" PRECISION ="10" REF_FIELD ="DOB" SCALE ="0"/>
            <TRANSFORMFIELD DATATYPE ="string" DEFAULTVALUE ="" DESCRIPTION ="" GROUP ="NEWGROUP1" NAME ="EMAIL1" PICTURETEXT ="" PORTTYPE ="OUTPUT" PRECISION ="35" REF_FIELD ="EMAIL" SCALE ="0"/>
            <TRANSFORMFIELD DATATYPE ="string" DEFAULTVALUE ="" DESCRIPTION ="" GROUP ="NEWGROUP1" NAME ="PHONE_NUMBER1" PICTURETEXT ="" PORTTYPE ="OUTPUT" PRECISION ="12" REF_FIELD ="PHONE_NUMBER" SCALE ="0"/>
            <TRANSFORMFIELD DATATYPE ="decimal" DEFAULTVALUE ="" DESCRIPTION ="" GROUP ="NEWGROUP1" NAME ="POLICY_NUMBER1" PICTURETEXT ="" PORTTYPE ="OUTPUT" PRECISION ="10" REF_FIELD ="POLICY_NUMBER" SCALE ="0"/>
            <TRANSFORMFIELD DATATYPE ="string" DEFAULTVALUE ="" DESCRIPTION ="" GROUP ="NEWGROUP1" NAME ="BENEFICIARY_NAME1" PICTURETEXT ="" PORTTYPE ="OUTPUT" PRECISION ="25" REF_FIELD ="BENEFICIARY_NAME" SCALE ="0"/>
            <TRANSFORMFIELD DATATYPE ="string" DEFAULTVALUE ="" DESCRIPTION ="" GROUP ="NEWGROUP1" NAME ="POLICY_AMOUNT1" PICTURETEXT ="" PORTTYPE ="OUTPUT" PRECISION ="8" REF_FIELD ="POLICY_AMOUNT" SCALE ="0"/>
            <TRANSFORMFIELD DATATYPE ="string" DEFAULTVALUE ="" DESCRIPTION ="" GROUP ="NEWGROUP1" NAME ="POLICY_END_DATE1" PICTURETEXT ="" PORTTYPE ="OUTPUT" PRECISION ="10" REF_FIELD ="POLICY_END_DATE" SCALE ="0"/>
            <TRANSFORMFIELD DATATYPE ="decimal" DEFAULTVALUE ="" DESCRIPTION ="" GROUP ="NEWGROUP2" NAME ="INS_ID3" PICTURETEXT ="" PORTTYPE ="OUTPUT" PRECISION ="5" REF_FIELD ="INS_ID" SCALE ="0"/>
            <TRANSFORMFIELD DATATYPE ="string" DEFAULTVALUE ="" DESCRIPTION ="" GROUP ="NEWGROUP2" NAME ="FIRST_NAME3" PICTURETEXT ="" PORTTYPE ="OUTPUT" PRECISION ="12" REF_FIELD ="FIRST_NAME" SCALE ="0"/>
            <TRANSFORMFIELD DATATYPE ="string" DEFAULTVALUE ="" DESCRIPTION ="" GROUP ="NEWGROUP2" NAME ="LAST_NAME3" PICTURETEXT ="" PORTTYPE ="OUTPUT" PRECISION ="17" REF_FIELD ="LAST_NAME" SCALE ="0"/>
            <TRANSFORMFIELD DATATYPE ="string" DEFAULTVALUE ="" DESCRIPTION ="" GROUP ="NEWGROUP2" NAME ="GENDER3" PICTURETEXT ="" PORTTYPE ="OUTPUT" PRECISION ="6" REF_FIELD ="GENDER" SCALE ="0"/>
            <TRANSFORMFIELD DATATYPE ="string" DEFAULTVALUE ="" DESCRIPTION ="" GROUP ="NEWGROUP2" NAME ="COUNTRY3" PICTURETEXT ="" PORTTYPE ="OUTPUT" PRECISION ="14" REF_FIELD ="COUNTRY" SCALE ="0"/>
            <TRANSFORMFIELD DATATYPE ="string" DEFAULTVALUE ="" DESCRIPTION ="" GROUP ="NEWGROUP2" NAME ="DOB3" PICTURETEXT ="" PORTTYPE ="OUTPUT" PRECISION ="10" REF_FIELD ="DOB" SCALE ="0"/>
            <TRANSFORMFIELD DATATYPE ="string" DEFAULTVALUE ="" DESCRIPTION ="" GROUP ="NEWGROUP2" NAME ="EMAIL3" PICTURETEXT ="" PORTTYPE ="OUTPUT" PRECISION ="35" REF_FIELD ="EMAIL" SCALE ="0"/>
            <TRANSFORMFIELD DATATYPE ="string" DEFAULTVALUE ="" DESCRIPTION ="" GROUP ="NEWGROUP2" NAME ="PHONE_NUMBER3" PICTURETEXT ="" PORTTYPE ="OUTPUT" PRECISION ="12" REF_FIELD ="PHONE_NUMBER" SCALE ="0"/>
            <TRANSFORMFIELD DATATYPE ="decimal" DEFAULTVALUE ="" DESCRIPTION ="" GROUP ="NEWGROUP2" NAME ="POLICY_NUMBER3" PICTURETEXT ="" PORTTYPE ="OUTPUT" PRECISION ="10" REF_FIELD ="POLICY_NUMBER" SCALE ="0"/>
            <TRANSFORMFIELD DATATYPE ="string" DEFAULTVALUE ="" DESCRIPTION ="" GROUP ="NEWGROUP2" NAME ="BENEFICIARY_NAME3" PICTURETEXT ="" PORTTYPE ="OUTPUT" PRECISION ="25" REF_FIELD ="BENEFICIARY_NAME" SCALE ="0"/>
            <TRANSFORMFIELD DATATYPE ="string" DEFAULTVALUE ="" DESCRIPTION ="" GROUP ="NEWGROUP2" NAME ="POLICY_AMOUNT3" PICTURETEXT ="" PORTTYPE ="OUTPUT" PRECISION ="8" REF_FIELD ="POLICY_AMOUNT" SCALE ="0"/>
            <TRANSFORMFIELD DATATYPE ="string" DEFAULTVALUE ="" DESCRIPTION ="" GROUP ="NEWGROUP2" NAME ="POLICY_END_DATE3" PICTURETEXT ="" PORTTYPE ="OUTPUT" PRECISION ="10" REF_FIELD ="POLICY_END_DATE" SCALE ="0"/>
            <TRANSFORMFIELD DATATYPE ="decimal" DEFAULTVALUE ="" DESCRIPTION ="" GROUP ="DEFAULT1" NAME ="INS_ID2" PICTURETEXT ="" PORTTYPE ="OUTPUT" PRECISION ="5" REF_FIELD ="INS_ID" SCALE ="0"/>
            <TRANSFORMFIELD DATATYPE ="string" DEFAULTVALUE ="" DESCRIPTION ="" GROUP ="DEFAULT1" NAME ="FIRST_NAME2" PICTURETEXT ="" PORTTYPE ="OUTPUT" PRECISION ="12" REF_FIELD ="FIRST_NAME" SCALE ="0"/>
            <TRANSFORMFIELD DATATYPE ="string" DEFAULTVALUE ="" DESCRIPTION ="" GROUP ="DEFAULT1" NAME ="LAST_NAME2" PICTURETEXT ="" PORTTYPE ="OUTPUT" PRECISION ="17" REF_FIELD ="LAST_NAME" SCALE ="0"/>
            <TRANSFORMFIELD DATATYPE ="string" DEFAULTVALUE ="" DESCRIPTION ="" GROUP ="DEFAULT1" NAME ="GENDER2" PICTURETEXT ="" PORTTYPE ="OUTPUT" PRECISION ="6" REF_FIELD ="GENDER" SCALE ="0"/>
            <TRANSFORMFIELD DATATYPE ="string" DEFAULTVALUE ="" DESCRIPTION ="" GROUP ="DEFAULT1" NAME ="COUNTRY2" PICTURETEXT ="" PORTTYPE ="OUTPUT" PRECISION ="14" REF_FIELD ="COUNTRY" SCALE ="0"/>
            <TRANSFORMFIELD DATATYPE ="string" DEFAULTVALUE ="" DESCRIPTION ="" GROUP ="DEFAULT1" NAME ="DOB2" PICTURETEXT ="" PORTTYPE ="OUTPUT" PRECISION ="10" REF_FIELD ="DOB" SCALE ="0"/>
            <TRANSFORMFIELD DATATYPE ="string" DEFAULTVALUE ="" DESCRIPTION ="" GROUP ="DEFAULT1" NAME ="EMAIL2" PICTURETEXT ="" PORTTYPE ="OUTPUT" PRECISION ="35" REF_FIELD ="EMAIL" SCALE ="0"/>
            <TRANSFORMFIELD DATATYPE ="string" DEFAULTVALUE ="" DESCRIPTION ="" GROUP ="DEFAULT1" NAME ="PHONE_NUMBER2" PICTURETEXT ="" PORTTYPE ="OUTPUT" PRECISION ="12" REF_FIELD ="PHONE_NUMBER" SCALE ="0"/>
            <TRANSFORMFIELD DATATYPE ="decimal" DEFAULTVALUE ="" DESCRIPTION ="" GROUP ="DEFAULT1" NAME ="POLICY_NUMBER2" PICTURETEXT ="" PORTTYPE ="OUTPUT" PRECISION ="10" REF_FIELD ="POLICY_NUMBER" SCALE ="0"/>
            <TRANSFORMFIELD DATATYPE ="string" DEFAULTVALUE ="" DESCRIPTION ="" GROUP ="DEFAULT1" NAME ="BENEFICIARY_NAME2" PICTURETEXT ="" PORTTYPE ="OUTPUT" PRECISION ="25" REF_FIELD ="BENEFICIARY_NAME" SCALE ="0"/>
            <TRANSFORMFIELD DATATYPE ="string" DEFAULTVALUE ="" DESCRIPTION ="" GROUP ="DEFAULT1" NAME ="POLICY_AMOUNT2" PICTURETEXT ="" PORTTYPE ="OUTPUT" PRECISION ="8" REF_FIELD ="POLICY_AMOUNT" SCALE ="0"/>
            <TRANSFORMFIELD DATATYPE ="string" DEFAULTVALUE ="" DESCRIPTION ="" GROUP ="DEFAULT1" NAME ="POLICY_END_DATE2" PICTURETEXT ="" PORTTYPE ="OUTPUT" PRECISION ="10" REF_FIELD ="POLICY_END_DATE" SCALE ="0"/>
            <TABLEATTRIBUTE NAME ="Tracing Level" VALUE ="Normal"/>
        </TRANSFORMATION>
        <INSTANCE DBDNAME ="FlatFile" DESCRIPTION ="" NAME ="INSURANCE_MOCK_DATA_1#" TRANSFORMATION_NAME ="INSURANCE_MOCK_DATA_1#" TRANSFORMATION_TYPE ="Source Definition" TYPE ="SOURCE"/>
        <INSTANCE DESCRIPTION ="" NAME ="SQ_INSURANCE_MOCK_DATA_1#" REUSABLE ="NO" TRANSFORMATION_NAME ="SQ_INSURANCE_MOCK_DATA_1#" TRANSFORMATION_TYPE ="Source Qualifier" TYPE ="TRANSFORMATION">
            <ASSOCIATED_SOURCE_INSTANCE NAME ="INSURANCE_MOCK_DATA_1#"/>
        </INSTANCE>
        <INSTANCE DESCRIPTION ="" NAME ="RTRTRANS" REUSABLE ="NO" TRANSFORMATION_NAME ="RTRTRANS" TRANSFORMATION_TYPE ="Router" TYPE ="TRANSFORMATION"/>
        <INSTANCE DESCRIPTION ="" NAME ="target_file_I_5_F" TRANSFORMATION_NAME ="target_file_I_5_F" TRANSFORMATION_TYPE ="Target Definition" TYPE ="TARGET"/>
        <INSTANCE DESCRIPTION ="" NAME ="target_file_I_5_M" TRANSFORMATION_NAME ="target_file_I_5_M" TRANSFORMATION_TYPE ="Target Definition" TYPE ="TARGET"/>
        <CONNECTOR FROMFIELD ="INS_ID" FROMINSTANCE ="INSURANCE_MOCK_DATA_1#" FROMINSTANCETYPE ="Source Definition" TOFIELD ="INS_ID" TOINSTANCE ="SQ_INSURANCE_MOCK_DATA_1#" TOINSTANCETYPE ="Source Qualifier"/>
        <CONNECTOR FROMFIELD ="FIRST_NAME" FROMINSTANCE ="INSURANCE_MOCK_DATA_1#" FROMINSTANCETYPE ="Source Definition" TOFIELD ="FIRST_NAME" TOINSTANCE ="SQ_INSURANCE_MOCK_DATA_1#" TOINSTANCETYPE ="Source Qualifier"/>
        <CONNECTOR FROMFIELD ="LAST_NAME" FROMINSTANCE ="INSURANCE_MOCK_DATA_1#" FROMINSTANCETYPE ="Source Definition" TOFIELD ="LAST_NAME" TOINSTANCE ="SQ_INSURANCE_MOCK_DATA_1#" TOINSTANCETYPE ="Source Qualifier"/>
        <CONNECTOR FROMFIELD ="GENDER" FROMINSTANCE ="INSURANCE_MOCK_DATA_1#" FROMINSTANCETYPE ="Source Definition" TOFIELD ="GENDER" TOINSTANCE ="SQ_INSURANCE_MOCK_DATA_1#" TOINSTANCETYPE ="Source Qualifier"/>
        <CONNECTOR FROMFIELD ="COUNTRY" FROMINSTANCE ="INSURANCE_MOCK_DATA_1#" FROMINSTANCETYPE ="Source Definition" TOFIELD ="COUNTRY" TOINSTANCE ="SQ_INSURANCE_MOCK_DATA_1#" TOINSTANCETYPE ="Source Qualifier"/>
        <CONNECTOR FROMFIELD ="DOB" FROMINSTANCE ="INSURANCE_MOCK_DATA_1#" FROMINSTANCETYPE ="Source Definition" TOFIELD ="DOB" TOINSTANCE ="SQ_INSURANCE_MOCK_DATA_1#" TOINSTANCETYPE ="Source Qualifier"/>
        <CONNECTOR FROMFIELD ="EMAIL" FROMINSTANCE ="INSURANCE_MOCK_DATA_1#" FROMINSTANCETYPE ="Source Definition" TOFIELD ="EMAIL" TOINSTANCE ="SQ_INSURANCE_MOCK_DATA_1#" TOINSTANCETYPE ="Source Qualifier"/>
        <CONNECTOR FROMFIELD ="PHONE_NUMBER" FROMINSTANCE ="INSURANCE_MOCK_DATA_1#" FROMINSTANCETYPE ="Source Definition" TOFIELD ="PHONE_NUMBER" TOINSTANCE ="SQ_INSURANCE_MOCK_DATA_1#" TOINSTANCETYPE ="Source Qualifier"/>
        <CONNECTOR FROMFIELD ="POLICY_NUMBER" FROMINSTANCE ="INSURANCE_MOCK_DATA_1#" FROMINSTANCETYPE ="Source Definition" TOFIELD ="POLICY_NUMBER" TOINSTANCE ="SQ_INSURANCE_MOCK_DATA_1#" TOINSTANCETYPE ="Source Qualifier"/>
        <CONNECTOR FROMFIELD ="BENEFICIARY_NAME" FROMINSTANCE ="INSURANCE_MOCK_DATA_1#" FROMINSTANCETYPE ="Source Definition" TOFIELD ="BENEFICIARY_NAME" TOINSTANCE ="SQ_INSURANCE_MOCK_DATA_1#" TOINSTANCETYPE ="Source Qualifier"/>
        <CONNECTOR FROMFIELD ="POLICY_AMOUNT" FROMINSTANCE ="INSURANCE_MOCK_DATA_1#" FROMINSTANCETYPE ="Source Definition" TOFIELD ="POLICY_AMOUNT" TOINSTANCE ="SQ_INSURANCE_MOCK_DATA_1#" TOINSTANCETYPE ="Source Qualifier"/>
        <CONNECTOR FROMFIELD ="POLICY_END_DATE" FROMINSTANCE ="INSURANCE_MOCK_DATA_1#" FROMINSTANCETYPE ="Source Definition" TOFIELD ="POLICY_END_DATE" TOINSTANCE ="SQ_INSURANCE_MOCK_DATA_1#" TOINSTANCETYPE ="Source Qualifier"/>
        <CONNECTOR FROMFIELD ="INS_ID" FROMINSTANCE ="SQ_INSURANCE_MOCK_DATA_1#" FROMINSTANCETYPE ="Source Qualifier" TOFIELD ="INS_ID" TOINSTANCE ="RTRTRANS" TOINSTANCETYPE ="Router"/>
        <CONNECTOR FROMFIELD ="FIRST_NAME" FROMINSTANCE ="SQ_INSURANCE_MOCK_DATA_1#" FROMINSTANCETYPE ="Source Qualifier" TOFIELD ="FIRST_NAME" TOINSTANCE ="RTRTRANS" TOINSTANCETYPE ="Router"/>
        <CONNECTOR FROMFIELD ="LAST_NAME" FROMINSTANCE ="SQ_INSURANCE_MOCK_DATA_1#" FROMINSTANCETYPE ="Source Qualifier" TOFIELD ="LAST_NAME" TOINSTANCE ="RTRTRANS" TOINSTANCETYPE ="Router"/>
        <CONNECTOR FROMFIELD ="GENDER" FROMINSTANCE ="SQ_INSURANCE_MOCK_DATA_1#" FROMINSTANCETYPE ="Source Qualifier" TOFIELD ="GENDER" TOINSTANCE ="RTRTRANS" TOINSTANCETYPE ="Router"/>
        <CONNECTOR FROMFIELD ="COUNTRY" FROMINSTANCE ="SQ_INSURANCE_MOCK_DATA_1#" FROMINSTANCETYPE ="Source Qualifier" TOFIELD ="COUNTRY" TOINSTANCE ="RTRTRANS" TOINSTANCETYPE ="Router"/>
        <CONNECTOR FROMFIELD ="DOB" FROMINSTANCE ="SQ_INSURANCE_MOCK_DATA_1#" FROMINSTANCETYPE ="Source Qualifier" TOFIELD ="DOB" TOINSTANCE ="RTRTRANS" TOINSTANCETYPE ="Router"/>
        <CONNECTOR FROMFIELD ="EMAIL" FROMINSTANCE ="SQ_INSURANCE_MOCK_DATA_1#" FROMINSTANCETYPE ="Source Qualifier" TOFIELD ="EMAIL" TOINSTANCE ="RTRTRANS" TOINSTANCETYPE ="Router"/>
        <CONNECTOR FROMFIELD ="PHONE_NUMBER" FROMINSTANCE ="SQ_INSURANCE_MOCK_DATA_1#" FROMINSTANCETYPE ="Source Qualifier" TOFIELD ="PHONE_NUMBER" TOINSTANCE ="RTRTRANS" TOINSTANCETYPE ="Router"/>
        <CONNECTOR FROMFIELD ="POLICY_NUMBER" FROMINSTANCE ="SQ_INSURANCE_MOCK_DATA_1#" FROMINSTANCETYPE ="Source Qualifier" TOFIELD ="POLICY_NUMBER" TOINSTANCE ="RTRTRANS" TOINSTANCETYPE ="Router"/>
        <CONNECTOR FROMFIELD ="BENEFICIARY_NAME" FROMINSTANCE ="SQ_INSURANCE_MOCK_DATA_1#" FROMINSTANCETYPE ="Source Qualifier" TOFIELD ="BENEFICIARY_NAME" TOINSTANCE ="RTRTRANS" TOINSTANCETYPE ="Router"/>
        <CONNECTOR FROMFIELD ="POLICY_AMOUNT" FROMINSTANCE ="SQ_INSURANCE_MOCK_DATA_1#" FROMINSTANCETYPE ="Source Qualifier" TOFIELD ="POLICY_AMOUNT" TOINSTANCE ="RTRTRANS" TOINSTANCETYPE ="Router"/>
        <CONNECTOR FROMFIELD ="POLICY_END_DATE" FROMINSTANCE ="SQ_INSURANCE_MOCK_DATA_1#" FROMINSTANCETYPE ="Source Qualifier" TOFIELD ="POLICY_END_DATE" TOINSTANCE ="RTRTRANS" TOINSTANCETYPE ="Router"/>
        <CONNECTOR FROMFIELD ="INS_ID1" FROMINSTANCE ="RTRTRANS" FROMINSTANCETYPE ="Router" TOFIELD ="INS_ID" TOINSTANCE ="target_file_I_5_F" TOINSTANCETYPE ="Target Definition"/>
        <CONNECTOR FROMFIELD ="FIRST_NAME1" FROMINSTANCE ="RTRTRANS" FROMINSTANCETYPE ="Router" TOFIELD ="FIRST_NAME" TOINSTANCE ="target_file_I_5_F" TOINSTANCETYPE ="Target Definition"/>
        <CONNECTOR FROMFIELD ="LAST_NAME1" FROMINSTANCE ="RTRTRANS" FROMINSTANCETYPE ="Router" TOFIELD ="LAST_NAME" TOINSTANCE ="target_file_I_5_F" TOINSTANCETYPE ="Target Definition"/>
        <CONNECTOR FROMFIELD ="GENDER1" FROMINSTANCE ="RTRTRANS" FROMINSTANCETYPE ="Router" TOFIELD ="GENDER" TOINSTANCE ="target_file_I_5_F" TOINSTANCETYPE ="Target Definition"/>
        <CONNECTOR FROMFIELD ="COUNTRY1" FROMINSTANCE ="RTRTRANS" FROMINSTANCETYPE ="Router" TOFIELD ="COUNTRY" TOINSTANCE ="target_file_I_5_F" TOINSTANCETYPE ="Target Definition"/>
        <CONNECTOR FROMFIELD ="DOB1" FROMINSTANCE ="RTRTRANS" FROMINSTANCETYPE ="Router" TOFIELD ="DOB" TOINSTANCE ="target_file_I_5_F" TOINSTANCETYPE ="Target Definition"/>
        <CONNECTOR FROMFIELD ="EMAIL1" FROMINSTANCE ="RTRTRANS" FROMINSTANCETYPE ="Router" TOFIELD ="EMAIL" TOINSTANCE ="target_file_I_5_F" TOINSTANCETYPE ="Target Definition"/>
        <CONNECTOR FROMFIELD ="PHONE_NUMBER1" FROMINSTANCE ="RTRTRANS" FROMINSTANCETYPE ="Router" TOFIELD ="PHONE_NUMBER" TOINSTANCE ="target_file_I_5_F" TOINSTANCETYPE ="Target Definition"/>
        <CONNECTOR FROMFIELD ="POLICY_NUMBER1" FROMINSTANCE ="RTRTRANS" FROMINSTANCETYPE ="Router" TOFIELD ="POLICY_NUMBER" TOINSTANCE ="target_file_I_5_F" TOINSTANCETYPE ="Target Definition"/>
        <CONNECTOR FROMFIELD ="BENEFICIARY_NAME1" FROMINSTANCE ="RTRTRANS" FROMINSTANCETYPE ="Router" TOFIELD ="BENEFICIARY_NAME" TOINSTANCE ="target_file_I_5_F" TOINSTANCETYPE ="Target Definition"/>
        <CONNECTOR FROMFIELD ="POLICY_AMOUNT1" FROMINSTANCE ="RTRTRANS" FROMINSTANCETYPE ="Router" TOFIELD ="POLICY_AMOUNT" TOINSTANCE ="target_file_I_5_F" TOINSTANCETYPE ="Target Definition"/>
        <CONNECTOR FROMFIELD ="POLICY_END_DATE1" FROMINSTANCE ="RTRTRANS" FROMINSTANCETYPE ="Router" TOFIELD ="POLICY_END_DATE" TOINSTANCE ="target_file_I_5_F" TOINSTANCETYPE ="Target Definition"/>
        <CONNECTOR FROMFIELD ="INS_ID3" FROMINSTANCE ="RTRTRANS" FROMINSTANCETYPE ="Router" TOFIELD ="INS_ID" TOINSTANCE ="target_file_I_5_M" TOINSTANCETYPE ="Target Definition"/>
        <CONNECTOR FROMFIELD ="FIRST_NAME3" FROMINSTANCE ="RTRTRANS" FROMINSTANCETYPE ="Router" TOFIELD ="FIRST_NAME" TOINSTANCE ="target_file_I_5_M" TOINSTANCETYPE ="Target Definition"/>
        <CONNECTOR FROMFIELD ="LAST_NAME3" FROMINSTANCE ="RTRTRANS" FROMINSTANCETYPE ="Router" TOFIELD ="LAST_NAME" TOINSTANCE ="target_file_I_5_M" TOINSTANCETYPE ="Target Definition"/>
        <CONNECTOR FROMFIELD ="GENDER3" FROMINSTANCE ="RTRTRANS" FROMINSTANCETYPE ="Router" TOFIELD ="GENDER" TOINSTANCE ="target_file_I_5_M" TOINSTANCETYPE ="Target Definition"/>
        <CONNECTOR FROMFIELD ="COUNTRY3" FROMINSTANCE ="RTRTRANS" FROMINSTANCETYPE ="Router" TOFIELD ="COUNTRY" TOINSTANCE ="target_file_I_5_M" TOINSTANCETYPE ="Target Definition"/>
        <CONNECTOR FROMFIELD ="DOB3" FROMINSTANCE ="RTRTRANS" FROMINSTANCETYPE ="Router" TOFIELD ="DOB" TOINSTANCE ="target_file_I_5_M" TOINSTANCETYPE ="Target Definition"/>
        <CONNECTOR FROMFIELD ="EMAIL3" FROMINSTANCE ="RTRTRANS" FROMINSTANCETYPE ="Router" TOFIELD ="EMAIL" TOINSTANCE ="target_file_I_5_M" TOINSTANCETYPE ="Target Definition"/>
        <CONNECTOR FROMFIELD ="PHONE_NUMBER3" FROMINSTANCE ="RTRTRANS" FROMINSTANCETYPE ="Router" TOFIELD ="PHONE_NUMBER" TOINSTANCE ="target_file_I_5_M" TOINSTANCETYPE ="Target Definition"/>
        <CONNECTOR FROMFIELD ="POLICY_NUMBER3" FROMINSTANCE ="RTRTRANS" FROMINSTANCETYPE ="Router" TOFIELD ="POLICY_NUMBER" TOINSTANCE ="target_file_I_5_M" TOINSTANCETYPE ="Target Definition"/>
        <CONNECTOR FROMFIELD ="BENEFICIARY_NAME3" FROMINSTANCE ="RTRTRANS" FROMINSTANCETYPE ="Router" TOFIELD ="BENEFICIARY_NAME" TOINSTANCE ="target_file_I_5_M" TOINSTANCETYPE ="Target Definition"/>
        <CONNECTOR FROMFIELD ="POLICY_AMOUNT3" FROMINSTANCE ="RTRTRANS" FROMINSTANCETYPE ="Router" TOFIELD ="POLICY_AMOUNT" TOINSTANCE ="target_file_I_5_M" TOINSTANCETYPE ="Target Definition"/>
        <CONNECTOR FROMFIELD ="POLICY_END_DATE3" FROMINSTANCE ="RTRTRANS" FROMINSTANCETYPE ="Router" TOFIELD ="POLICY_END_DATE" TOINSTANCE ="target_file_I_5_M" TOINSTANCETYPE ="Target Definition"/>
        <TARGETLOADORDER ORDER ="1" TARGETINSTANCE ="target_file_I_5_F"/>
        <TARGETLOADORDER ORDER ="1" TARGETINSTANCE ="target_file_I_5_M"/>
        <ERPINFO/>
    </MAPPING>
</FOLDER>
</REPOSITORY>
</POWERMART>