<?xml version="1.0" encoding="Windows-1252"?>
<!-- Informatica proprietary -->
<!DOCTYPE POWERMART SYSTEM "powrmart.dtd">
<POWERMART CREATION_DATE="03/12/2025 10:25:55" REPOSITORY_VERSION="189.98">
<REPOSITORY NAME="REP" VERSION="189" CODEPAGE="MS1252" DATABASETYPE="Oracle">
<FOLDER NAME="Project" GROUP="" OWNER="Administrator" SHARED="NOTSHARED" DESCRIPTION="" PERMISSIONS="rwx---r--" UUID="45966e24-1c90-4c09-974a-df3b398f3b5f">
    <SOURCE BUSINESSNAME ="" DATABASETYPE ="Flat File" DBDNAME ="FlatFile" DESCRIPTION ="" NAME ="Group_Comma_2387464" OBJECTVERSION ="1" OWNERNAME ="" VERSIONNUMBER ="1">
        <FLATFILE CODEPAGE ="MS1252" CONSECDELIMITERSASONE ="NO" DELIMITED ="YES" DELIMITERS ="," ESCAPE_CHARACTER ="" KEEPESCAPECHAR ="NO" LINESEQUENTIAL ="NO" MULTIDELIMITERSASAND ="NO" NULLCHARTYPE ="ASCII" NULL_CHARACTER ="*" PADBYTES ="1" QUOTE_CHARACTER ="NONE" REPEATABLE ="NO" ROWDELIMITER ="0" SHIFTSENSITIVEDATA ="NO" SKIPROWS ="1" STRIPTRAILINGBLANKS ="NO"/>
        <TABLEATTRIBUTE NAME ="Base Table Name" VALUE =""/>
        <TABLEATTRIBUTE NAME ="Search Specification" VALUE =""/>
        <TABLEATTRIBUTE NAME ="Sort Specification" VALUE =""/>
        <TABLEATTRIBUTE NAME ="Datetime Format" VALUE ="A  19 mm/dd/yyyy hh24:mi:ss"/>
        <TABLEATTRIBUTE NAME ="Thousand Separator" VALUE ="None"/>
        <TABLEATTRIBUTE NAME ="Decimal Separator" VALUE ="."/>
        <TABLEATTRIBUTE NAME ="Add Currently Processed Flat File Name Port" VALUE ="NO"/>
        <TABLEATTRIBUTE NAME ="Source TimeStamp" VALUE =""/>
        <SOURCEFIELD BUSINESSNAME ="" DATATYPE ="number" DESCRIPTION ="" FIELDNUMBER ="1" FIELDPROPERTY ="0" FIELDTYPE ="ELEMITEM" HIDDEN ="NO" KEYTYPE ="NOT A KEY" LENGTH ="5" LEVEL ="0" NAME ="GROUP_ID" NULLABLE ="NULL" OCCURS ="0" OFFSET ="0" PHYSICALLENGTH ="5" PHYSICALOFFSET ="0" PICTURETEXT ="" PRECISION ="5" SCALE ="0" USAGE_FLAGS =""/>
        <SOURCEFIELD BUSINESSNAME ="" DATATYPE ="string" DESCRIPTION ="" FIELDNUMBER ="2" FIELDPROPERTY ="0" FIELDTYPE ="ELEMITEM" HIDDEN ="NO" KEYTYPE ="NOT A KEY" LENGTH ="11" LEVEL ="0" NAME ="GROUP_NAME" NULLABLE ="NULL" OCCURS ="0" OFFSET ="5" PHYSICALLENGTH ="11" PHYSICALOFFSET ="5" PICTURETEXT ="" PRECISION ="11" SCALE ="0" USAGE_FLAGS =""/>
        <SOURCEFIELD BUSINESSNAME ="" DATATYPE ="string" DESCRIPTION ="" FIELDNUMBER ="3" FIELDPROPERTY ="0" FIELDTYPE ="ELEMITEM" HIDDEN ="NO" KEYTYPE ="NOT A KEY" LENGTH ="10" LEVEL ="0" NAME ="EFF_DT" NULLABLE ="NULL" OCCURS ="0" OFFSET ="16" PHYSICALLENGTH ="10" PHYSICALOFFSET ="16" PICTURETEXT ="" PRECISION ="10" SCALE ="0" USAGE_FLAGS =""/>
        <SOURCEFIELD BUSINESSNAME ="" DATATYPE ="string" DESCRIPTION ="" FIELDNUMBER ="4" FIELDPROPERTY ="0" FIELDTYPE ="ELEMITEM" HIDDEN ="NO" KEYTYPE ="NOT A KEY" LENGTH ="10" LEVEL ="0" NAME ="TERM_DT" NULLABLE ="NULL" OCCURS ="0" OFFSET ="26" PHYSICALLENGTH ="10" PHYSICALOFFSET ="26" PICTURETEXT ="" PRECISION ="10" SCALE ="0" USAGE_FLAGS =""/>
        <SOURCEFIELD BUSINESSNAME ="" DATATYPE ="string" DESCRIPTION ="" FIELDNUMBER ="5" FIELDPROPERTY ="0" FIELDTYPE ="ELEMITEM" HIDDEN ="NO" KEYTYPE ="NOT A KEY" LENGTH ="9" LEVEL ="0" NAME ="STREET" NULLABLE ="NULL" OCCURS ="0" OFFSET ="36" PHYSICALLENGTH ="9" PHYSICALOFFSET ="36" PICTURETEXT ="" PRECISION ="9" SCALE ="0" USAGE_FLAGS =""/>
        <SOURCEFIELD BUSINESSNAME ="" DATATYPE ="string" DESCRIPTION ="" FIELDNUMBER ="6" FIELDPROPERTY ="0" FIELDTYPE ="ELEMITEM" HIDDEN ="NO" KEYTYPE ="NOT A KEY" LENGTH ="9" LEVEL ="0" NAME ="CITY" NULLABLE ="NULL" OCCURS ="0" OFFSET ="45" PHYSICALLENGTH ="9" PHYSICALOFFSET ="45" PICTURETEXT ="" PRECISION ="9" SCALE ="0" USAGE_FLAGS =""/>
        <SOURCEFIELD BUSINESSNAME ="" DATATYPE ="string" DESCRIPTION ="" FIELDNUMBER ="7" FIELDPROPERTY ="0" FIELDTYPE ="ELEMITEM" HIDDEN ="NO" KEYTYPE ="NOT A KEY" LENGTH ="8" LEVEL ="0" NAME ="STATE" NULLABLE ="NULL" OCCURS ="0" OFFSET ="54" PHYSICALLENGTH ="8" PHYSICALOFFSET ="54" PICTURETEXT ="" PRECISION ="8" SCALE ="0" USAGE_FLAGS =""/>
        <SOURCEFIELD BUSINESSNAME ="" DATATYPE ="number" DESCRIPTION ="" FIELDNUMBER ="8" FIELDPROPERTY ="0" FIELDTYPE ="ELEMITEM" HIDDEN ="NO" KEYTYPE ="NOT A KEY" LENGTH ="5" LEVEL ="0" NAME ="ZIP" NULLABLE ="NULL" OCCURS ="0" OFFSET ="62" PHYSICALLENGTH ="5" PHYSICALOFFSET ="62" PICTURETEXT ="" PRECISION ="5" SCALE ="0" USAGE_FLAGS =""/>
    </SOURCE>
    <SOURCE BUSINESSNAME ="" DATABASETYPE ="Flat File" DBDNAME ="FlatFile" DESCRIPTION ="" NAME ="Group_Fixed_2387464" OBJECTVERSION ="1" OWNERNAME ="" VERSIONNUMBER ="1">
        <FLATFILE CODEPAGE ="MS1252" CONSECDELIMITERSASONE ="NO" DELIMITED ="YES" DELIMITERS ="," ESCAPE_CHARACTER ="" KEEPESCAPECHAR ="NO" LINESEQUENTIAL ="NO" MULTIDELIMITERSASAND ="NO" NULLCHARTYPE ="ASCII" NULL_CHARACTER ="*" PADBYTES ="1" QUOTE_CHARACTER ="NONE" REPEATABLE ="NO" ROWDELIMITER ="0" SHIFTSENSITIVEDATA ="NO" SKIPROWS ="0" STRIPTRAILINGBLANKS ="NO"/>
        <TABLEATTRIBUTE NAME ="Base Table Name" VALUE =""/>
        <TABLEATTRIBUTE NAME ="Search Specification" VALUE =""/>
        <TABLEATTRIBUTE NAME ="Sort Specification" VALUE =""/>
        <TABLEATTRIBUTE NAME ="Datetime Format" VALUE ="A  19 mm/dd/yyyy hh24:mi:ss"/>
        <TABLEATTRIBUTE NAME ="Thousand Separator" VALUE ="None"/>
        <TABLEATTRIBUTE NAME ="Decimal Separator" VALUE ="."/>
        <TABLEATTRIBUTE NAME ="Add Currently Processed Flat File Name Port" VALUE ="NO"/>
        <TABLEATTRIBUTE NAME ="Source TimeStamp" VALUE =""/>
        <SOURCEFIELD BUSINESSNAME ="" DATATYPE ="number" DESCRIPTION ="" FIELDNUMBER ="1" FIELDPROPERTY ="0" FIELDTYPE ="ELEMITEM" HIDDEN ="NO" KEYTYPE ="NOT A KEY" LENGTH ="8" LEVEL ="0" NAME ="GROUP_ID" NULLABLE ="NULL" OCCURS ="0" OFFSET ="0" PHYSICALLENGTH ="8" PHYSICALOFFSET ="0" PICTURETEXT ="" PRECISION ="8" SCALE ="0" USAGE_FLAGS =""/>
        <SOURCEFIELD BUSINESSNAME ="" DATATYPE ="string" DESCRIPTION ="" FIELDNUMBER ="2" FIELDPROPERTY ="0" FIELDTYPE ="ELEMITEM" HIDDEN ="NO" KEYTYPE ="NOT A KEY" LENGTH ="16" LEVEL ="0" NAME ="GROUP_NAME" NULLABLE ="NULL" OCCURS ="0" OFFSET ="8" PHYSICALLENGTH ="16" PHYSICALOFFSET ="8" PICTURETEXT ="" PRECISION ="16" SCALE ="0" USAGE_FLAGS =""/>
        <SOURCEFIELD BUSINESSNAME ="" DATATYPE ="string" DESCRIPTION ="" FIELDNUMBER ="3" FIELDPROPERTY ="0" FIELDTYPE ="ELEMITEM" HIDDEN ="NO" KEYTYPE ="NOT A KEY" LENGTH ="10" LEVEL ="0" NAME ="EFF_DT" NULLABLE ="NULL" OCCURS ="0" OFFSET ="24" PHYSICALLENGTH ="10" PHYSICALOFFSET ="24" PICTURETEXT ="" PRECISION ="10" SCALE ="0" USAGE_FLAGS =""/>
        <SOURCEFIELD BUSINESSNAME ="" DATATYPE ="string" DESCRIPTION ="" FIELDNUMBER ="4" FIELDPROPERTY ="0" FIELDTYPE ="ELEMITEM" HIDDEN ="NO" KEYTYPE ="NOT A KEY" LENGTH ="10" LEVEL ="0" NAME ="TERM_DT" NULLABLE ="NULL" OCCURS ="0" OFFSET ="34" PHYSICALLENGTH ="10" PHYSICALOFFSET ="34" PICTURETEXT ="" PRECISION ="10" SCALE ="0" USAGE_FLAGS =""/>
        <SOURCEFIELD BUSINESSNAME ="" DATATYPE ="string" DESCRIPTION ="" FIELDNUMBER ="5" FIELDPROPERTY ="0" FIELDTYPE ="ELEMITEM" HIDDEN ="NO" KEYTYPE ="NOT A KEY" LENGTH ="20" LEVEL ="0" NAME ="STREET" NULLABLE ="NULL" OCCURS ="0" OFFSET ="44" PHYSICALLENGTH ="20" PHYSICALOFFSET ="44" PICTURETEXT ="" PRECISION ="20" SCALE ="0" USAGE_FLAGS =""/>
        <SOURCEFIELD BUSINESSNAME ="" DATATYPE ="string" DESCRIPTION ="" FIELDNUMBER ="6" FIELDPROPERTY ="0" FIELDTYPE ="ELEMITEM" HIDDEN ="NO" KEYTYPE ="NOT A KEY" LENGTH ="16" LEVEL ="0" NAME ="CITY" NULLABLE ="NULL" OCCURS ="0" OFFSET ="64" PHYSICALLENGTH ="16" PHYSICALOFFSET ="64" PICTURETEXT ="" PRECISION ="16" SCALE ="0" USAGE_FLAGS =""/>
        <SOURCEFIELD BUSINESSNAME ="" DATATYPE ="string" DESCRIPTION ="" FIELDNUMBER ="7" FIELDPROPERTY ="0" FIELDTYPE ="ELEMITEM" HIDDEN ="NO" KEYTYPE ="NOT A KEY" LENGTH ="16" LEVEL ="0" NAME ="STATE" NULLABLE ="NULL" OCCURS ="0" OFFSET ="80" PHYSICALLENGTH ="16" PHYSICALOFFSET ="80" PICTURETEXT ="" PRECISION ="16" SCALE ="0" USAGE_FLAGS =""/>
        <SOURCEFIELD BUSINESSNAME ="" DATATYPE ="number" DESCRIPTION ="" FIELDNUMBER ="8" FIELDPROPERTY ="0" FIELDTYPE ="ELEMITEM" HIDDEN ="NO" KEYTYPE ="NOT A KEY" LENGTH ="5" LEVEL ="0" NAME ="ZIP" NULLABLE ="NULL" OCCURS ="0" OFFSET ="96" PHYSICALLENGTH ="5" PHYSICALOFFSET ="96" PICTURETEXT ="" PRECISION ="5" SCALE ="0" USAGE_FLAGS =""/>
    </SOURCE>
    <TARGET BUSINESSNAME ="" CONSTRAINT ="" DATABASETYPE ="Oracle" DESCRIPTION ="" NAME ="GROUP_2387464" OBJECTVERSION ="1" TABLEOPTIONS ="" VERSIONNUMBER ="1">
        <TARGETFIELD BUSINESSNAME ="" DATATYPE ="number(p,s)" DESCRIPTION ="" FIELDNUMBER ="1" KEYTYPE ="NOT A KEY" NAME ="GRP_SK" NULLABLE ="NOTNULL" PICTURETEXT ="" PRECISION ="10" SCALE ="0"/>
        <TARGETFIELD BUSINESSNAME ="" DATATYPE ="varchar2" DESCRIPTION ="" FIELDNUMBER ="2" KEYTYPE ="PRIMARY KEY" NAME ="GROUP_ID" NULLABLE ="NOTNULL" PICTURETEXT ="" PRECISION ="8" SCALE ="0"/>
        <TARGETFIELD BUSINESSNAME ="" DATATYPE ="varchar2" DESCRIPTION ="" FIELDNUMBER ="3" KEYTYPE ="NOT A KEY" NAME ="GROUP_NAME" NULLABLE ="NOTNULL" PICTURETEXT ="" PRECISION ="30" SCALE ="0"/>
        <TARGETFIELD BUSINESSNAME ="" DATATYPE ="date" DESCRIPTION ="" FIELDNUMBER ="4" KEYTYPE ="NOT A KEY" NAME ="EFF_DT" NULLABLE ="NOTNULL" PICTURETEXT ="" PRECISION ="19" SCALE ="0"/>
        <TARGETFIELD BUSINESSNAME ="" DATATYPE ="date" DESCRIPTION ="" FIELDNUMBER ="5" KEYTYPE ="NOT A KEY" NAME ="TERM_DT" NULLABLE ="NOTNULL" PICTURETEXT ="" PRECISION ="19" SCALE ="0"/>
        <TARGETFIELD BUSINESSNAME ="" DATATYPE ="varchar2" DESCRIPTION ="" FIELDNUMBER ="6" KEYTYPE ="NOT A KEY" NAME ="STREET" NULLABLE ="NULL" PICTURETEXT ="" PRECISION ="35" SCALE ="0"/>
        <TARGETFIELD BUSINESSNAME ="" DATATYPE ="varchar2" DESCRIPTION ="" FIELDNUMBER ="7" KEYTYPE ="NOT A KEY" NAME ="CITY" NULLABLE ="NULL" PICTURETEXT ="" PRECISION ="15" SCALE ="0"/>
        <TARGETFIELD BUSINESSNAME ="" DATATYPE ="varchar2" DESCRIPTION ="" FIELDNUMBER ="8" KEYTYPE ="NOT A KEY" NAME ="STATE" NULLABLE ="NULL" PICTURETEXT ="" PRECISION ="20" SCALE ="0"/>
        <TARGETFIELD BUSINESSNAME ="" DATATYPE ="number(p,s)" DESCRIPTION ="" FIELDNUMBER ="9" KEYTYPE ="NOT A KEY" NAME ="ZIP" NULLABLE ="NOTNULL" PICTURETEXT ="" PRECISION ="5" SCALE ="0"/>
    </TARGET>
    <MAPPING DESCRIPTION ="" ISVALID ="YES" NAME ="m_group" OBJECTVERSION ="1" VERSIONNUMBER ="1">
        <TRANSFORMATION DESCRIPTION ="" NAME ="SQ_Group_Fixed_2387464" OBJECTVERSION ="1" REUSABLE ="NO" TYPE ="Source Qualifier" VERSIONNUMBER ="1">
            <TRANSFORMFIELD DATATYPE ="decimal" DEFAULTVALUE ="" DESCRIPTION ="" NAME ="GROUP_ID" PICTURETEXT ="" PORTTYPE ="INPUT/OUTPUT" PRECISION ="8" SCALE ="0"/>
            <TRANSFORMFIELD DATATYPE ="string" DEFAULTVALUE ="" DESCRIPTION ="" NAME ="GROUP_NAME" PICTURETEXT ="" PORTTYPE ="INPUT/OUTPUT" PRECISION ="16" SCALE ="0"/>
            <TRANSFORMFIELD DATATYPE ="string" DEFAULTVALUE ="" DESCRIPTION ="" NAME ="EFF_DT" PICTURETEXT ="" PORTTYPE ="INPUT/OUTPUT" PRECISION ="10" SCALE ="0"/>
            <TRANSFORMFIELD DATATYPE ="string" DEFAULTVALUE ="" DESCRIPTION ="" NAME ="TERM_DT" PICTURETEXT ="" PORTTYPE ="INPUT/OUTPUT" PRECISION ="10" SCALE ="0"/>
            <TRANSFORMFIELD DATATYPE ="string" DEFAULTVALUE ="" DESCRIPTION ="" NAME ="STREET" PICTURETEXT ="" PORTTYPE ="INPUT/OUTPUT" PRECISION ="20" SCALE ="0"/>
            <TRANSFORMFIELD DATATYPE ="string" DEFAULTVALUE ="" DESCRIPTION ="" NAME ="CITY" PICTURETEXT ="" PORTTYPE ="INPUT/OUTPUT" PRECISION ="16" SCALE ="0"/>
            <TRANSFORMFIELD DATATYPE ="string" DEFAULTVALUE ="" DESCRIPTION ="" NAME ="STATE" PICTURETEXT ="" PORTTYPE ="INPUT/OUTPUT" PRECISION ="16" SCALE ="0"/>
            <TRANSFORMFIELD DATATYPE ="decimal" DEFAULTVALUE ="" DESCRIPTION ="" NAME ="ZIP" PICTURETEXT ="" PORTTYPE ="INPUT/OUTPUT" PRECISION ="5" SCALE ="0"/>
            <TABLEATTRIBUTE NAME ="Sql Query" VALUE =""/>
            <TABLEATTRIBUTE NAME ="User Defined Join" VALUE =""/>
            <TABLEATTRIBUTE NAME ="Source Filter" VALUE =""/>
            <TABLEATTRIBUTE NAME ="Number Of Sorted Ports" VALUE ="0"/>
            <TABLEATTRIBUTE NAME ="Tracing Level" VALUE ="Normal"/>
            <TABLEATTRIBUTE NAME ="Select Distinct" VALUE ="NO"/>
            <TABLEATTRIBUTE NAME ="Is Partitionable" VALUE ="NO"/>
            <TABLEATTRIBUTE NAME ="Pre SQL" VALUE =""/>
            <TABLEATTRIBUTE NAME ="Post SQL" VALUE =""/>
            <TABLEATTRIBUTE NAME ="Output is deterministic" VALUE ="NO"/>
            <TABLEATTRIBUTE NAME ="Output is repeatable" VALUE ="Never"/>
        </TRANSFORMATION>
        <TRANSFORMATION DESCRIPTION ="" NAME ="EXP_GROUP_COMMA" OBJECTVERSION ="1" REUSABLE ="NO" TYPE ="Expression" VERSIONNUMBER ="1">
            <TRANSFORMFIELD DATATYPE ="decimal" DEFAULTVALUE ="" DESCRIPTION ="" EXPRESSION ="GROUP_ID" EXPRESSIONTYPE ="GENERAL" NAME ="GROUP_ID" PICTURETEXT ="" PORTTYPE ="INPUT/OUTPUT" PRECISION ="5" SCALE ="0"/>
            <TRANSFORMFIELD DATATYPE ="string" DEFAULTVALUE ="" DESCRIPTION ="" NAME ="I_GROUP_NAME" PICTURETEXT ="" PORTTYPE ="INPUT" PRECISION ="11" SCALE ="0"/>
            <TRANSFORMFIELD DATATYPE ="string" DEFAULTVALUE ="ERROR(&apos;transformation error&apos;)" DESCRIPTION ="" EXPRESSION ="LTRIM(RTRIM(I_GROUP_NAME))" EXPRESSIONTYPE ="GENERAL" NAME ="GROUP_NAME" PICTURETEXT ="" PORTTYPE ="OUTPUT" PRECISION ="11" SCALE ="0"/>
            <TRANSFORMFIELD DATATYPE ="string" DEFAULTVALUE ="" DESCRIPTION ="" NAME ="I_EFF_DT" PICTURETEXT ="" PORTTYPE ="INPUT" PRECISION ="10" SCALE ="0"/>
            <TRANSFORMFIELD DATATYPE ="string" DEFAULTVALUE ="ERROR(&apos;transformation error&apos;)" DESCRIPTION ="" EXPRESSION ="LTRIM(RTRIM(I_EFF_DT))" EXPRESSIONTYPE ="GENERAL" NAME ="EFF_DT" PICTURETEXT ="" PORTTYPE ="OUTPUT" PRECISION ="10" SCALE ="0"/>
            <TRANSFORMFIELD DATATYPE ="string" DEFAULTVALUE ="" DESCRIPTION ="" NAME ="I_TERM_DT" PICTURETEXT ="" PORTTYPE ="INPUT" PRECISION ="10" SCALE ="0"/>
            <TRANSFORMFIELD DATATYPE ="string" DEFAULTVALUE ="ERROR(&apos;transformation error&apos;)" DESCRIPTION ="" EXPRESSION ="LTRIM(RTRIM(I_TERM_DT))" EXPRESSIONTYPE ="GENERAL" NAME ="TERM_DT" PICTURETEXT ="" PORTTYPE ="OUTPUT" PRECISION ="10" SCALE ="0"/>
            <TRANSFORMFIELD DATATYPE ="string" DEFAULTVALUE ="" DESCRIPTION ="" NAME ="I_STREET" PICTURETEXT ="" PORTTYPE ="INPUT" PRECISION ="9" SCALE ="0"/>
            <TRANSFORMFIELD DATATYPE ="string" DEFAULTVALUE ="ERROR(&apos;transformation error&apos;)" DESCRIPTION ="" EXPRESSION ="LTRIM(RTRIM(I_STREET))" EXPRESSIONTYPE ="GENERAL" NAME ="STREET" PICTURETEXT ="" PORTTYPE ="OUTPUT" PRECISION ="9" SCALE ="0"/>
            <TRANSFORMFIELD DATATYPE ="string" DEFAULTVALUE ="" DESCRIPTION ="" NAME ="I_CITY" PICTURETEXT ="" PORTTYPE ="INPUT" PRECISION ="9" SCALE ="0"/>
            <TRANSFORMFIELD DATATYPE ="string" DEFAULTVALUE ="ERROR(&apos;transformation error&apos;)" DESCRIPTION ="" EXPRESSION ="LTRIM(RTRIM(I_CITY))" EXPRESSIONTYPE ="GENERAL" NAME ="CITY" PICTURETEXT ="" PORTTYPE ="OUTPUT" PRECISION ="9" SCALE ="0"/>
            <TRANSFORMFIELD DATATYPE ="string" DEFAULTVALUE ="" DESCRIPTION ="" NAME ="I_STATE" PICTURETEXT ="" PORTTYPE ="INPUT" PRECISION ="8" SCALE ="0"/>
            <TRANSFORMFIELD DATATYPE ="string" DEFAULTVALUE ="ERROR(&apos;transformation error&apos;)" DESCRIPTION ="" EXPRESSION ="LTRIM(RTRIM(I_STATE))" EXPRESSIONTYPE ="GENERAL" NAME ="STATE" PICTURETEXT ="" PORTTYPE ="OUTPUT" PRECISION ="8" SCALE ="0"/>
            <TRANSFORMFIELD DATATYPE ="decimal" DEFAULTVALUE ="" DESCRIPTION ="" EXPRESSION ="ZIP" EXPRESSIONTYPE ="GENERAL" NAME ="ZIP" PICTURETEXT ="" PORTTYPE ="INPUT/OUTPUT" PRECISION ="5" SCALE ="0"/>
            <TABLEATTRIBUTE NAME ="Tracing Level" VALUE ="Normal"/>
        </TRANSFORMATION>
        <TRANSFORMATION DESCRIPTION ="" NAME ="EXP_GROUP_FIXED" OBJECTVERSION ="1" REUSABLE ="NO" TYPE ="Expression" VERSIONNUMBER ="1">
            <TRANSFORMFIELD DATATYPE ="decimal" DEFAULTVALUE ="" DESCRIPTION ="" EXPRESSION ="GROUP_ID" EXPRESSIONTYPE ="GENERAL" NAME ="GROUP_ID" PICTURETEXT ="" PORTTYPE ="INPUT/OUTPUT" PRECISION ="8" SCALE ="0"/>
            <TRANSFORMFIELD DATATYPE ="string" DEFAULTVALUE ="" DESCRIPTION ="" NAME ="I_GROUP_NAME" PICTURETEXT ="" PORTTYPE ="INPUT" PRECISION ="16" SCALE ="0"/>
            <TRANSFORMFIELD DATATYPE ="string" DEFAULTVALUE ="ERROR(&apos;transformation error&apos;)" DESCRIPTION ="" EXPRESSION ="LTRIM(RTRIM(I_GROUP_NAME))" EXPRESSIONTYPE ="GENERAL" NAME ="GROUP_NAME" PICTURETEXT ="" PORTTYPE ="OUTPUT" PRECISION ="16" SCALE ="0"/>
            <TRANSFORMFIELD DATATYPE ="string" DEFAULTVALUE ="" DESCRIPTION ="" NAME ="I_EFF_DT" PICTURETEXT ="" PORTTYPE ="INPUT" PRECISION ="10" SCALE ="0"/>
            <TRANSFORMFIELD DATATYPE ="string" DEFAULTVALUE ="ERROR(&apos;transformation error&apos;)" DESCRIPTION ="" EXPRESSION ="LTRIM(RTRIM(I_EFF_DT))" EXPRESSIONTYPE ="GENERAL" NAME ="EFF_DT" PICTURETEXT ="" PORTTYPE ="OUTPUT" PRECISION ="10" SCALE ="0"/>
            <TRANSFORMFIELD DATATYPE ="string" DEFAULTVALUE ="" DESCRIPTION ="" NAME ="I_TERM_DT" PICTURETEXT ="" PORTTYPE ="INPUT" PRECISION ="10" SCALE ="0"/>
            <TRANSFORMFIELD DATATYPE ="string" DEFAULTVALUE ="ERROR(&apos;transformation error&apos;)" DESCRIPTION ="" EXPRESSION ="LTRIM(RTRIM(I_TERM_DT))" EXPRESSIONTYPE ="GENERAL" NAME ="TERM_DT" PICTURETEXT ="" PORTTYPE ="OUTPUT" PRECISION ="10" SCALE ="0"/>
            <TRANSFORMFIELD DATATYPE ="string" DEFAULTVALUE ="" DESCRIPTION ="" NAME ="I_STREET" PICTURETEXT ="" PORTTYPE ="INPUT" PRECISION ="20" SCALE ="0"/>
            <TRANSFORMFIELD DATATYPE ="string" DEFAULTVALUE ="ERROR(&apos;transformation error&apos;)" DESCRIPTION ="" EXPRESSION ="LTRIM(RTRIM(I_STREET))" EXPRESSIONTYPE ="GENERAL" NAME ="STREET" PICTURETEXT ="" PORTTYPE ="OUTPUT" PRECISION ="20" SCALE ="0"/>
            <TRANSFORMFIELD DATATYPE ="string" DEFAULTVALUE ="" DESCRIPTION ="" NAME ="I_CITY" PICTURETEXT ="" PORTTYPE ="INPUT" PRECISION ="16" SCALE ="0"/>
            <TRANSFORMFIELD DATATYPE ="string" DEFAULTVALUE ="ERROR(&apos;transformation error&apos;)" DESCRIPTION ="" EXPRESSION ="LTRIM(RTRIM(I_CITY))" EXPRESSIONTYPE ="GENERAL" NAME ="CITY" PICTURETEXT ="" PORTTYPE ="OUTPUT" PRECISION ="16" SCALE ="0"/>
            <TRANSFORMFIELD DATATYPE ="string" DEFAULTVALUE ="" DESCRIPTION ="" NAME ="I_STATE" PICTURETEXT ="" PORTTYPE ="INPUT" PRECISION ="16" SCALE ="0"/>
            <TRANSFORMFIELD DATATYPE ="string" DEFAULTVALUE ="ERROR(&apos;transformation error&apos;)" DESCRIPTION ="" EXPRESSION ="LTRIM(RTRIM(I_STATE))" EXPRESSIONTYPE ="GENERAL" NAME ="STATE" PICTURETEXT ="" PORTTYPE ="OUTPUT" PRECISION ="16" SCALE ="0"/>
            <TRANSFORMFIELD DATATYPE ="decimal" DEFAULTVALUE ="" DESCRIPTION ="" EXPRESSION ="ZIP" EXPRESSIONTYPE ="GENERAL" NAME ="ZIP" PICTURETEXT ="" PORTTYPE ="INPUT/OUTPUT" PRECISION ="5" SCALE ="0"/>
            <TABLEATTRIBUTE NAME ="Tracing Level" VALUE ="Normal"/>
        </TRANSFORMATION>
        <TRANSFORMATION DESCRIPTION ="" NAME ="SQ_Group_Comma_2387464" OBJECTVERSION ="1" REUSABLE ="NO" TYPE ="Source Qualifier" VERSIONNUMBER ="1">
            <TRANSFORMFIELD DATATYPE ="decimal" DEFAULTVALUE ="" DESCRIPTION ="" NAME ="GROUP_ID" PICTURETEXT ="" PORTTYPE ="INPUT/OUTPUT" PRECISION ="5" SCALE ="0"/>
            <TRANSFORMFIELD DATATYPE ="string" DEFAULTVALUE ="" DESCRIPTION ="" NAME ="GROUP_NAME" PICTURETEXT ="" PORTTYPE ="INPUT/OUTPUT" PRECISION ="11" SCALE ="0"/>
            <TRANSFORMFIELD DATATYPE ="string" DEFAULTVALUE ="" DESCRIPTION ="" NAME ="EFF_DT" PICTURETEXT ="" PORTTYPE ="INPUT/OUTPUT" PRECISION ="10" SCALE ="0"/>
            <TRANSFORMFIELD DATATYPE ="string" DEFAULTVALUE ="" DESCRIPTION ="" NAME ="TERM_DT" PICTURETEXT ="" PORTTYPE ="INPUT/OUTPUT" PRECISION ="10" SCALE ="0"/>
            <TRANSFORMFIELD DATATYPE ="string" DEFAULTVALUE ="" DESCRIPTION ="" NAME ="STREET" PICTURETEXT ="" PORTTYPE ="INPUT/OUTPUT" PRECISION ="9" SCALE ="0"/>
            <TRANSFORMFIELD DATATYPE ="string" DEFAULTVALUE ="" DESCRIPTION ="" NAME ="CITY" PICTURETEXT ="" PORTTYPE ="INPUT/OUTPUT" PRECISION ="9" SCALE ="0"/>
            <TRANSFORMFIELD DATATYPE ="string" DEFAULTVALUE ="" DESCRIPTION ="" NAME ="STATE" PICTURETEXT ="" PORTTYPE ="INPUT/OUTPUT" PRECISION ="8" SCALE ="0"/>
            <TRANSFORMFIELD DATATYPE ="decimal" DEFAULTVALUE ="" DESCRIPTION ="" NAME ="ZIP" PICTURETEXT ="" PORTTYPE ="INPUT/OUTPUT" PRECISION ="5" SCALE ="0"/>
            <TABLEATTRIBUTE NAME ="Sql Query" VALUE =""/>
            <TABLEATTRIBUTE NAME ="User Defined Join" VALUE =""/>
            <TABLEATTRIBUTE NAME ="Source Filter" VALUE =""/>
            <TABLEATTRIBUTE NAME ="Number Of Sorted Ports" VALUE ="0"/>
            <TABLEATTRIBUTE NAME ="Tracing Level" VALUE ="Normal"/>
            <TABLEATTRIBUTE NAME ="Select Distinct" VALUE ="NO"/>
            <TABLEATTRIBUTE NAME ="Is Partitionable" VALUE ="NO"/>
            <TABLEATTRIBUTE NAME ="Pre SQL" VALUE =""/>
            <TABLEATTRIBUTE NAME ="Post SQL" VALUE =""/>
            <TABLEATTRIBUTE NAME ="Output is deterministic" VALUE ="NO"/>
            <TABLEATTRIBUTE NAME ="Output is repeatable" VALUE ="Never"/>
        </TRANSFORMATION>
        <TRANSFORMATION DESCRIPTION ="" NAME ="FIL_GROUP" OBJECTVERSION ="1" REUSABLE ="NO" TYPE ="Filter" VERSIONNUMBER ="1">
            <TRANSFORMFIELD DATATYPE ="string" DEFAULTVALUE ="" DESCRIPTION ="" NAME ="GROUP_ID" PICTURETEXT ="" PORTTYPE ="INPUT/OUTPUT" PRECISION ="8" SCALE ="0"/>
            <TRANSFORMFIELD DATATYPE ="string" DEFAULTVALUE ="" DESCRIPTION ="" NAME ="GROUP_NAME" PICTURETEXT ="" PORTTYPE ="INPUT/OUTPUT" PRECISION ="11" SCALE ="0"/>
            <TRANSFORMFIELD DATATYPE ="date/time" DEFAULTVALUE ="" DESCRIPTION ="" NAME ="EFF_DT" PICTURETEXT ="" PORTTYPE ="INPUT/OUTPUT" PRECISION ="29" SCALE ="9"/>
            <TRANSFORMFIELD DATATYPE ="date/time" DEFAULTVALUE ="" DESCRIPTION ="" NAME ="TERM_DT" PICTURETEXT ="" PORTTYPE ="INPUT/OUTPUT" PRECISION ="29" SCALE ="9"/>
            <TRANSFORMFIELD DATATYPE ="string" DEFAULTVALUE ="" DESCRIPTION ="" NAME ="STREET" PICTURETEXT ="" PORTTYPE ="INPUT/OUTPUT" PRECISION ="9" SCALE ="0"/>
            <TRANSFORMFIELD DATATYPE ="string" DEFAULTVALUE ="" DESCRIPTION ="" NAME ="CITY" PICTURETEXT ="" PORTTYPE ="INPUT/OUTPUT" PRECISION ="9" SCALE ="0"/>
            <TRANSFORMFIELD DATATYPE ="string" DEFAULTVALUE ="" DESCRIPTION ="" NAME ="STATE" PICTURETEXT ="" PORTTYPE ="INPUT/OUTPUT" PRECISION ="8" SCALE ="0"/>
            <TRANSFORMFIELD DATATYPE ="decimal" DEFAULTVALUE ="" DESCRIPTION ="" NAME ="ZIP" PICTURETEXT ="" PORTTYPE ="INPUT/OUTPUT" PRECISION ="5" SCALE ="0"/>
            <TRANSFORMFIELD DATATYPE ="date/time" DEFAULTVALUE ="" DESCRIPTION ="" NAME ="SYSTEM_DATE" PICTURETEXT ="" PORTTYPE ="INPUT/OUTPUT" PRECISION ="29" SCALE ="9"/>
            <TABLEATTRIBUTE NAME ="Filter Condition" VALUE ="SYSTEM_DATE &gt;= EFF_DT AND SYSTEM_DATE &lt;= TERM_DT"/>
            <TABLEATTRIBUTE NAME ="Tracing Level" VALUE ="Normal"/>
        </TRANSFORMATION>
        <TRANSFORMATION DESCRIPTION ="" NAME ="EXP_GROUP" OBJECTVERSION ="1" REUSABLE ="NO" TYPE ="Expression" VERSIONNUMBER ="1">
            <TRANSFORMFIELD DATATYPE ="decimal" DEFAULTVALUE ="" DESCRIPTION ="" NAME ="I_GROUP_ID" PICTURETEXT ="" PORTTYPE ="INPUT" PRECISION ="5" SCALE ="0"/>
            <TRANSFORMFIELD DATATYPE ="string" DEFAULTVALUE ="ERROR(&apos;transformation error&apos;)" DESCRIPTION ="" EXPRESSION ="LPAD(I_GROUP_ID, 8, &apos;0&apos;)" EXPRESSIONTYPE ="GENERAL" NAME ="GROUP_ID" PICTURETEXT ="" PORTTYPE ="OUTPUT" PRECISION ="8" SCALE ="0"/>
            <TRANSFORMFIELD DATATYPE ="string" DEFAULTVALUE ="" DESCRIPTION ="" EXPRESSION ="GROUP_NAME" EXPRESSIONTYPE ="GENERAL" NAME ="GROUP_NAME" PICTURETEXT ="" PORTTYPE ="INPUT/OUTPUT" PRECISION ="11" SCALE ="0"/>
            <TRANSFORMFIELD DATATYPE ="string" DEFAULTVALUE ="" DESCRIPTION ="" NAME ="I_EFF_DT" PICTURETEXT ="" PORTTYPE ="INPUT" PRECISION ="10" SCALE ="0"/>
            <TRANSFORMFIELD DATATYPE ="date/time" DEFAULTVALUE ="ERROR(&apos;transformation error&apos;)" DESCRIPTION ="" EXPRESSION ="TO_DATE(I_EFF_DT, &apos;MM/DD/YYYY&apos;)" EXPRESSIONTYPE ="GENERAL" NAME ="EFF_DT" PICTURETEXT ="" PORTTYPE ="OUTPUT" PRECISION ="29" SCALE ="9"/>
            <TRANSFORMFIELD DATATYPE ="string" DEFAULTVALUE ="" DESCRIPTION ="" NAME ="I_TERM_DT" PICTURETEXT ="" PORTTYPE ="INPUT" PRECISION ="10" SCALE ="0"/>
            <TRANSFORMFIELD DATATYPE ="date/time" DEFAULTVALUE ="ERROR(&apos;transformation error&apos;)" DESCRIPTION ="" EXPRESSION ="TO_DATE(I_TERM_DT, &apos;MM/DD/YYYY&apos;)" EXPRESSIONTYPE ="GENERAL" NAME ="TERM_DT" PICTURETEXT ="" PORTTYPE ="OUTPUT" PRECISION ="29" SCALE ="9"/>
            <TRANSFORMFIELD DATATYPE ="string" DEFAULTVALUE ="" DESCRIPTION ="" EXPRESSION ="STREET" EXPRESSIONTYPE ="GENERAL" NAME ="STREET" PICTURETEXT ="" PORTTYPE ="INPUT/OUTPUT" PRECISION ="9" SCALE ="0"/>
            <TRANSFORMFIELD DATATYPE ="string" DEFAULTVALUE ="" DESCRIPTION ="" EXPRESSION ="CITY" EXPRESSIONTYPE ="GENERAL" NAME ="CITY" PICTURETEXT ="" PORTTYPE ="INPUT/OUTPUT" PRECISION ="9" SCALE ="0"/>
            <TRANSFORMFIELD DATATYPE ="string" DEFAULTVALUE ="" DESCRIPTION ="" EXPRESSION ="STATE" EXPRESSIONTYPE ="GENERAL" NAME ="STATE" PICTURETEXT ="" PORTTYPE ="INPUT/OUTPUT" PRECISION ="8" SCALE ="0"/>
            <TRANSFORMFIELD DATATYPE ="decimal" DEFAULTVALUE ="" DESCRIPTION ="" EXPRESSION ="ZIP" EXPRESSIONTYPE ="GENERAL" NAME ="ZIP" PICTURETEXT ="" PORTTYPE ="INPUT/OUTPUT" PRECISION ="5" SCALE ="0"/>
            <TRANSFORMFIELD DATATYPE ="date/time" DEFAULTVALUE ="ERROR(&apos;transformation error&apos;)" DESCRIPTION ="" EXPRESSION ="TO_DATE(&apos;5/1/2015&apos;, &apos;MM/DD/YYYY&apos;)" EXPRESSIONTYPE ="GENERAL" NAME ="SYSTEM_DATE" PICTURETEXT ="" PORTTYPE ="OUTPUT" PRECISION ="29" SCALE ="9"/>
            <TABLEATTRIBUTE NAME ="Tracing Level" VALUE ="Normal"/>
        </TRANSFORMATION>
        <TRANSFORMATION DESCRIPTION ="" NAME ="SEQ_GROUP" OBJECTVERSION ="1" REUSABLE ="NO" TYPE ="Sequence" VERSIONNUMBER ="1">
            <TRANSFORMFIELD DATATYPE ="bigint" DEFAULTVALUE ="ERROR(&apos;transformation error&apos;)" DESCRIPTION ="" NAME ="NEXTVAL" PICTURETEXT ="" PORTTYPE ="OUTPUT" PRECISION ="19" SCALE ="0"/>
            <TRANSFORMFIELD DATATYPE ="bigint" DEFAULTVALUE ="ERROR(&apos;transformation error&apos;)" DESCRIPTION ="" NAME ="CURRVAL" PICTURETEXT ="" PORTTYPE ="OUTPUT" PRECISION ="19" SCALE ="0"/>
            <TABLEATTRIBUTE NAME ="Start Value" VALUE ="1"/>
            <TABLEATTRIBUTE NAME ="Increment By" VALUE ="1"/>
            <TABLEATTRIBUTE NAME ="End Value" VALUE ="9223372036854775807"/>
            <TABLEATTRIBUTE NAME ="Current Value" VALUE ="1"/>
            <TABLEATTRIBUTE NAME ="Cycle" VALUE ="NO"/>
            <TABLEATTRIBUTE NAME ="Number of Cached Values" VALUE ="0"/>
            <TABLEATTRIBUTE NAME ="Reset" VALUE ="YES"/>
            <TABLEATTRIBUTE NAME ="Is Current Value Shared" VALUE ="NO"/>
            <TABLEATTRIBUTE NAME ="Tracing Level" VALUE ="Normal"/>
        </TRANSFORMATION>
        <TRANSFORMATION DESCRIPTION ="" NAME ="SRT_GROUP" OBJECTVERSION ="1" REUSABLE ="NO" TYPE ="Sorter" VERSIONNUMBER ="1">
            <TRANSFORMFIELD DATATYPE ="decimal" DEFAULTVALUE ="" DESCRIPTION ="" ISSORTKEY ="YES" NAME ="GROUP_ID" PICTURETEXT ="" PORTTYPE ="INPUT/OUTPUT" PRECISION ="5" SCALE ="0" SORTDIRECTION ="ASCENDING"/>
            <TRANSFORMFIELD DATATYPE ="string" DEFAULTVALUE ="" DESCRIPTION ="" ISSORTKEY ="YES" NAME ="GROUP_NAME" PICTURETEXT ="" PORTTYPE ="INPUT/OUTPUT" PRECISION ="11" SCALE ="0" SORTDIRECTION ="ASCENDING"/>
            <TRANSFORMFIELD DATATYPE ="string" DEFAULTVALUE ="" DESCRIPTION ="" ISSORTKEY ="YES" NAME ="EFF_DT" PICTURETEXT ="" PORTTYPE ="INPUT/OUTPUT" PRECISION ="10" SCALE ="0" SORTDIRECTION ="ASCENDING"/>
            <TRANSFORMFIELD DATATYPE ="string" DEFAULTVALUE ="" DESCRIPTION ="" ISSORTKEY ="YES" NAME ="TERM_DT" PICTURETEXT ="" PORTTYPE ="INPUT/OUTPUT" PRECISION ="10" SCALE ="0" SORTDIRECTION ="ASCENDING"/>
            <TRANSFORMFIELD DATATYPE ="string" DEFAULTVALUE ="" DESCRIPTION ="" ISSORTKEY ="YES" NAME ="STREET" PICTURETEXT ="" PORTTYPE ="INPUT/OUTPUT" PRECISION ="9" SCALE ="0" SORTDIRECTION ="ASCENDING"/>
            <TRANSFORMFIELD DATATYPE ="string" DEFAULTVALUE ="" DESCRIPTION ="" ISSORTKEY ="YES" NAME ="CITY" PICTURETEXT ="" PORTTYPE ="INPUT/OUTPUT" PRECISION ="9" SCALE ="0" SORTDIRECTION ="ASCENDING"/>
            <TRANSFORMFIELD DATATYPE ="string" DEFAULTVALUE ="" DESCRIPTION ="" ISSORTKEY ="YES" NAME ="STATE" PICTURETEXT ="" PORTTYPE ="INPUT/OUTPUT" PRECISION ="8" SCALE ="0" SORTDIRECTION ="ASCENDING"/>
            <TRANSFORMFIELD DATATYPE ="decimal" DEFAULTVALUE ="" DESCRIPTION ="" ISSORTKEY ="YES" NAME ="ZIP" PICTURETEXT ="" PORTTYPE ="INPUT/OUTPUT" PRECISION ="5" SCALE ="0" SORTDIRECTION ="ASCENDING"/>
            <TABLEATTRIBUTE NAME ="Sorter Cache Size" VALUE ="Auto"/>
            <TABLEATTRIBUTE NAME ="Case Sensitive" VALUE ="YES"/>
            <TABLEATTRIBUTE NAME ="Work Directory" VALUE ="$PMTempDir"/>
            <TABLEATTRIBUTE NAME ="Distinct" VALUE ="YES"/>
            <TABLEATTRIBUTE NAME ="Tracing Level" VALUE ="Normal"/>
            <TABLEATTRIBUTE NAME ="Null Treated Low" VALUE ="NO"/>
            <TABLEATTRIBUTE NAME ="Merge Only" VALUE ="NO"/>
            <TABLEATTRIBUTE NAME ="Partitioning" VALUE ="Order records for individual partitions"/>
            <TABLEATTRIBUTE NAME ="Transformation Scope" VALUE ="All Input"/>
        </TRANSFORMATION>
        <TRANSFORMATION COMPONENTVERSION ="1000000" DESCRIPTION ="" NAME ="UN_GROUP" OBJECTVERSION ="1" REUSABLE ="NO" TEMPLATEID ="303001" TEMPLATENAME ="Union Transformation" TYPE ="Custom Transformation" VERSIONNUMBER ="1">
            <GROUP DESCRIPTION ="" NAME ="OUTPUT" ORDER ="1" TYPE ="OUTPUT"/>
            <GROUP DESCRIPTION ="" NAME ="GROUP_COMMA" ORDER ="2" TYPE ="INPUT"/>
            <GROUP DESCRIPTION ="" NAME ="GROUP_FIXED" ORDER ="3" TYPE ="INPUT"/>
            <TRANSFORMFIELD DATATYPE ="decimal" DEFAULTVALUE ="" DESCRIPTION ="" GROUP ="OUTPUT" NAME ="GROUP_ID" OUTPUTGROUP ="OUTPUT" PICTURETEXT ="" PORTTYPE ="OUTPUT" PRECISION ="5" SCALE ="0"/>
            <TRANSFORMFIELD DATATYPE ="string" DEFAULTVALUE ="" DESCRIPTION ="" GROUP ="OUTPUT" NAME ="GROUP_NAME" OUTPUTGROUP ="OUTPUT" PICTURETEXT ="" PORTTYPE ="OUTPUT" PRECISION ="11" SCALE ="0"/>
            <TRANSFORMFIELD DATATYPE ="string" DEFAULTVALUE ="" DESCRIPTION ="" GROUP ="OUTPUT" NAME ="EFF_DT" OUTPUTGROUP ="OUTPUT" PICTURETEXT ="" PORTTYPE ="OUTPUT" PRECISION ="29" SCALE ="0"/>
            <TRANSFORMFIELD DATATYPE ="string" DEFAULTVALUE ="" DESCRIPTION ="" GROUP ="OUTPUT" NAME ="TERM_DT" OUTPUTGROUP ="OUTPUT" PICTURETEXT ="" PORTTYPE ="OUTPUT" PRECISION ="29" SCALE ="0"/>
            <TRANSFORMFIELD DATATYPE ="string" DEFAULTVALUE ="" DESCRIPTION ="" GROUP ="OUTPUT" NAME ="STREET" OUTPUTGROUP ="OUTPUT" PICTURETEXT ="" PORTTYPE ="OUTPUT" PRECISION ="9" SCALE ="0"/>
            <TRANSFORMFIELD DATATYPE ="string" DEFAULTVALUE ="" DESCRIPTION ="" GROUP ="OUTPUT" NAME ="CITY" OUTPUTGROUP ="OUTPUT" PICTURETEXT ="" PORTTYPE ="OUTPUT" PRECISION ="9" SCALE ="0"/>
            <TRANSFORMFIELD DATATYPE ="string" DEFAULTVALUE ="" DESCRIPTION ="" GROUP ="OUTPUT" NAME ="STATE" OUTPUTGROUP ="OUTPUT" PICTURETEXT ="" PORTTYPE ="OUTPUT" PRECISION ="8" SCALE ="0"/>
            <TRANSFORMFIELD DATATYPE ="decimal" DEFAULTVALUE ="" DESCRIPTION ="" GROUP ="OUTPUT" NAME ="ZIP" OUTPUTGROUP ="OUTPUT" PICTURETEXT ="" PORTTYPE ="OUTPUT" PRECISION ="5" SCALE ="0"/>
            <TRANSFORMFIELD DATATYPE ="decimal" DEFAULTVALUE ="" DESCRIPTION ="" GROUP ="GROUP_COMMA" NAME ="GROUP_ID1" OUTPUTGROUP ="GROUP_COMMA" PICTURETEXT ="" PORTTYPE ="INPUT" PRECISION ="5" SCALE ="0"/>
            <TRANSFORMFIELD DATATYPE ="string" DEFAULTVALUE ="" DESCRIPTION ="" GROUP ="GROUP_COMMA" NAME ="GROUP_NAME1" OUTPUTGROUP ="GROUP_COMMA" PICTURETEXT ="" PORTTYPE ="INPUT" PRECISION ="11" SCALE ="0"/>
            <TRANSFORMFIELD DATATYPE ="string" DEFAULTVALUE ="" DESCRIPTION ="" GROUP ="GROUP_COMMA" NAME ="EFF_DT1" OUTPUTGROUP ="GROUP_COMMA" PICTURETEXT ="" PORTTYPE ="INPUT" PRECISION ="29" SCALE ="0"/>
            <TRANSFORMFIELD DATATYPE ="string" DEFAULTVALUE ="" DESCRIPTION ="" GROUP ="GROUP_COMMA" NAME ="TERM_DT1" OUTPUTGROUP ="GROUP_COMMA" PICTURETEXT ="" PORTTYPE ="INPUT" PRECISION ="29" SCALE ="0"/>
            <TRANSFORMFIELD DATATYPE ="string" DEFAULTVALUE ="" DESCRIPTION ="" GROUP ="GROUP_COMMA" NAME ="STREET1" OUTPUTGROUP ="GROUP_COMMA" PICTURETEXT ="" PORTTYPE ="INPUT" PRECISION ="9" SCALE ="0"/>
            <TRANSFORMFIELD DATATYPE ="string" DEFAULTVALUE ="" DESCRIPTION ="" GROUP ="GROUP_COMMA" NAME ="CITY1" OUTPUTGROUP ="GROUP_COMMA" PICTURETEXT ="" PORTTYPE ="INPUT" PRECISION ="9" SCALE ="0"/>
            <TRANSFORMFIELD DATATYPE ="string" DEFAULTVALUE ="" DESCRIPTION ="" GROUP ="GROUP_COMMA" NAME ="STATE1" OUTPUTGROUP ="GROUP_COMMA" PICTURETEXT ="" PORTTYPE ="INPUT" PRECISION ="8" SCALE ="0"/>
            <TRANSFORMFIELD DATATYPE ="decimal" DEFAULTVALUE ="" DESCRIPTION ="" GROUP ="GROUP_COMMA" NAME ="ZIP1" OUTPUTGROUP ="GROUP_COMMA" PICTURETEXT ="" PORTTYPE ="INPUT" PRECISION ="5" SCALE ="0"/>
            <TRANSFORMFIELD DATATYPE ="decimal" DEFAULTVALUE ="" DESCRIPTION ="" GROUP ="GROUP_FIXED" NAME ="GROUP_ID2" OUTPUTGROUP ="GROUP_FIXED" PICTURETEXT ="" PORTTYPE ="INPUT" PRECISION ="5" SCALE ="0"/>
            <TRANSFORMFIELD DATATYPE ="string" DEFAULTVALUE ="" DESCRIPTION ="" GROUP ="GROUP_FIXED" NAME ="GROUP_NAME2" OUTPUTGROUP ="GROUP_FIXED" PICTURETEXT ="" PORTTYPE ="INPUT" PRECISION ="11" SCALE ="0"/>
            <TRANSFORMFIELD DATATYPE ="string" DEFAULTVALUE ="" DESCRIPTION ="" GROUP ="GROUP_FIXED" NAME ="EFF_DT2" OUTPUTGROUP ="GROUP_FIXED" PICTURETEXT ="" PORTTYPE ="INPUT" PRECISION ="29" SCALE ="0"/>
            <TRANSFORMFIELD DATATYPE ="string" DEFAULTVALUE ="" DESCRIPTION ="" GROUP ="GROUP_FIXED" NAME ="TERM_DT2" OUTPUTGROUP ="GROUP_FIXED" PICTURETEXT ="" PORTTYPE ="INPUT" PRECISION ="29" SCALE ="0"/>
            <TRANSFORMFIELD DATATYPE ="string" DEFAULTVALUE ="" DESCRIPTION ="" GROUP ="GROUP_FIXED" NAME ="STREET2" OUTPUTGROUP ="GROUP_FIXED" PICTURETEXT ="" PORTTYPE ="INPUT" PRECISION ="9" SCALE ="0"/>
            <TRANSFORMFIELD DATATYPE ="string" DEFAULTVALUE ="" DESCRIPTION ="" GROUP ="GROUP_FIXED" NAME ="CITY2" OUTPUTGROUP ="GROUP_FIXED" PICTURETEXT ="" PORTTYPE ="INPUT" PRECISION ="9" SCALE ="0"/>
            <TRANSFORMFIELD DATATYPE ="string" DEFAULTVALUE ="" DESCRIPTION ="" GROUP ="GROUP_FIXED" NAME ="STATE2" OUTPUTGROUP ="GROUP_FIXED" PICTURETEXT ="" PORTTYPE ="INPUT" PRECISION ="8" SCALE ="0"/>
            <TRANSFORMFIELD DATATYPE ="decimal" DEFAULTVALUE ="" DESCRIPTION ="" GROUP ="GROUP_FIXED" NAME ="ZIP2" OUTPUTGROUP ="GROUP_FIXED" PICTURETEXT ="" PORTTYPE ="INPUT" PRECISION ="5" SCALE ="0"/>
            <TABLEATTRIBUTE NAME ="Language" VALUE ="C"/>
            <TABLEATTRIBUTE NAME ="Module Identifier" VALUE ="pmuniontrans"/>
            <TABLEATTRIBUTE NAME ="Class Name" VALUE =""/>
            <TABLEATTRIBUTE NAME ="Function Identifier" VALUE ="pmunionfunc"/>
            <TABLEATTRIBUTE NAME ="Runtime Location" VALUE =""/>
            <TABLEATTRIBUTE NAME ="Tracing Level" VALUE ="Normal"/>
            <TABLEATTRIBUTE NAME ="Is Partitionable" VALUE ="Across Grid"/>
            <TABLEATTRIBUTE NAME ="Inputs Must Block" VALUE ="NO"/>
            <TABLEATTRIBUTE NAME ="Is Active" VALUE ="YES"/>
            <TABLEATTRIBUTE NAME ="Update Strategy Transformation" VALUE ="NO"/>
            <TABLEATTRIBUTE NAME ="Transformation Scope" VALUE ="Row"/>
            <TABLEATTRIBUTE NAME ="Generate Transaction" VALUE ="NO"/>
            <TABLEATTRIBUTE NAME ="Output Is Repeatable" VALUE ="Never"/>
            <TABLEATTRIBUTE NAME ="Requires Single Thread Per Partition" VALUE ="NO"/>
            <TABLEATTRIBUTE NAME ="Output Is Deterministic" VALUE ="YES"/>
            <TABLEATTRIBUTE NAME ="Preserves Data Set Boundary" VALUE ="No"/>
            <INITPROP DESCRIPTION ="" NAME ="Programmatic Identifier for Class Factory" USERDEFINED ="NO" VALUE =""/>
            <INITPROP DESCRIPTION ="" NAME ="Constructor" USERDEFINED ="NO" VALUE =""/>
            <FIELDDEPENDENCY INPUTFIELD ="GROUP_ID1" OUTPUTFIELD ="GROUP_ID"/>
            <FIELDDEPENDENCY INPUTFIELD ="GROUP_ID2" OUTPUTFIELD ="GROUP_ID"/>
            <FIELDDEPENDENCY INPUTFIELD ="GROUP_NAME1" OUTPUTFIELD ="GROUP_NAME"/>
            <FIELDDEPENDENCY INPUTFIELD ="GROUP_NAME2" OUTPUTFIELD ="GROUP_NAME"/>
            <FIELDDEPENDENCY INPUTFIELD ="EFF_DT1" OUTPUTFIELD ="EFF_DT"/>
            <FIELDDEPENDENCY INPUTFIELD ="EFF_DT2" OUTPUTFIELD ="EFF_DT"/>
            <FIELDDEPENDENCY INPUTFIELD ="TERM_DT1" OUTPUTFIELD ="TERM_DT"/>
            <FIELDDEPENDENCY INPUTFIELD ="TERM_DT2" OUTPUTFIELD ="TERM_DT"/>
            <FIELDDEPENDENCY INPUTFIELD ="STREET1" OUTPUTFIELD ="STREET"/>
            <FIELDDEPENDENCY INPUTFIELD ="STREET2" OUTPUTFIELD ="STREET"/>
            <FIELDDEPENDENCY INPUTFIELD ="CITY1" OUTPUTFIELD ="CITY"/>
            <FIELDDEPENDENCY INPUTFIELD ="CITY2" OUTPUTFIELD ="CITY"/>
            <FIELDDEPENDENCY INPUTFIELD ="STATE1" OUTPUTFIELD ="STATE"/>
            <FIELDDEPENDENCY INPUTFIELD ="STATE2" OUTPUTFIELD ="STATE"/>
            <FIELDDEPENDENCY INPUTFIELD ="ZIP1" OUTPUTFIELD ="ZIP"/>
            <FIELDDEPENDENCY INPUTFIELD ="ZIP2" OUTPUTFIELD ="ZIP"/>
        </TRANSFORMATION>
        <INSTANCE DESCRIPTION ="" NAME ="GROUP_2387464" TRANSFORMATION_NAME ="GROUP_2387464" TRANSFORMATION_TYPE ="Target Definition" TYPE ="TARGET"/>
        <INSTANCE DBDNAME ="FlatFile" DESCRIPTION ="" NAME ="Group_Fixed_2387464" TRANSFORMATION_NAME ="Group_Fixed_2387464" TRANSFORMATION_TYPE ="Source Definition" TYPE ="SOURCE"/>
        <INSTANCE DESCRIPTION ="" NAME ="SQ_Group_Fixed_2387464" REUSABLE ="NO" TRANSFORMATION_NAME ="SQ_Group_Fixed_2387464" TRANSFORMATION_TYPE ="Source Qualifier" TYPE ="TRANSFORMATION">
            <ASSOCIATED_SOURCE_INSTANCE NAME ="Group_Fixed_2387464"/>
        </INSTANCE>
        <INSTANCE DESCRIPTION ="" NAME ="EXP_GROUP_COMMA" REUSABLE ="NO" TRANSFORMATION_NAME ="EXP_GROUP_COMMA" TRANSFORMATION_TYPE ="Expression" TYPE ="TRANSFORMATION"/>
        <INSTANCE DESCRIPTION ="" NAME ="EXP_GROUP_FIXED" REUSABLE ="NO" TRANSFORMATION_NAME ="EXP_GROUP_FIXED" TRANSFORMATION_TYPE ="Expression" TYPE ="TRANSFORMATION"/>
        <INSTANCE DBDNAME ="FlatFile" DESCRIPTION ="" NAME ="Group_Comma_2387464" TRANSFORMATION_NAME ="Group_Comma_2387464" TRANSFORMATION_TYPE ="Source Definition" TYPE ="SOURCE"/>
        <INSTANCE DESCRIPTION ="" NAME ="SQ_Group_Comma_2387464" REUSABLE ="NO" TRANSFORMATION_NAME ="SQ_Group_Comma_2387464" TRANSFORMATION_TYPE ="Source Qualifier" TYPE ="TRANSFORMATION">
            <ASSOCIATED_SOURCE_INSTANCE NAME ="Group_Comma_2387464"/>
        </INSTANCE>
        <INSTANCE DESCRIPTION ="" NAME ="FIL_GROUP" REUSABLE ="NO" TRANSFORMATION_NAME ="FIL_GROUP" TRANSFORMATION_TYPE ="Filter" TYPE ="TRANSFORMATION"/>
        <INSTANCE DESCRIPTION ="" NAME ="EXP_GROUP" REUSABLE ="NO" TRANSFORMATION_NAME ="EXP_GROUP" TRANSFORMATION_TYPE ="Expression" TYPE ="TRANSFORMATION"/>
        <INSTANCE DESCRIPTION ="" NAME ="SEQ_GROUP" REUSABLE ="NO" TRANSFORMATION_NAME ="SEQ_GROUP" TRANSFORMATION_TYPE ="Sequence" TYPE ="TRANSFORMATION"/>
        <INSTANCE DESCRIPTION ="" NAME ="SRT_GROUP" REUSABLE ="NO" TRANSFORMATION_NAME ="SRT_GROUP" TRANSFORMATION_TYPE ="Sorter" TYPE ="TRANSFORMATION"/>
        <INSTANCE DESCRIPTION ="" NAME ="UN_GROUP" REUSABLE ="NO" TRANSFORMATION_NAME ="UN_GROUP" TRANSFORMATION_TYPE ="Custom Transformation" TYPE ="TRANSFORMATION"/>
        <CONNECTOR FROMFIELD ="GROUP_ID" FROMINSTANCE ="FIL_GROUP" FROMINSTANCETYPE ="Filter" TOFIELD ="GROUP_ID" TOINSTANCE ="GROUP_2387464" TOINSTANCETYPE ="Target Definition"/>
        <CONNECTOR FROMFIELD ="GROUP_NAME" FROMINSTANCE ="FIL_GROUP" FROMINSTANCETYPE ="Filter" TOFIELD ="GROUP_NAME" TOINSTANCE ="GROUP_2387464" TOINSTANCETYPE ="Target Definition"/>
        <CONNECTOR FROMFIELD ="EFF_DT" FROMINSTANCE ="FIL_GROUP" FROMINSTANCETYPE ="Filter" TOFIELD ="EFF_DT" TOINSTANCE ="GROUP_2387464" TOINSTANCETYPE ="Target Definition"/>
        <CONNECTOR FROMFIELD ="TERM_DT" FROMINSTANCE ="FIL_GROUP" FROMINSTANCETYPE ="Filter" TOFIELD ="TERM_DT" TOINSTANCE ="GROUP_2387464" TOINSTANCETYPE ="Target Definition"/>
        <CONNECTOR FROMFIELD ="STREET" FROMINSTANCE ="FIL_GROUP" FROMINSTANCETYPE ="Filter" TOFIELD ="STREET" TOINSTANCE ="GROUP_2387464" TOINSTANCETYPE ="Target Definition"/>
        <CONNECTOR FROMFIELD ="CITY" FROMINSTANCE ="FIL_GROUP" FROMINSTANCETYPE ="Filter" TOFIELD ="CITY" TOINSTANCE ="GROUP_2387464" TOINSTANCETYPE ="Target Definition"/>
        <CONNECTOR FROMFIELD ="STATE" FROMINSTANCE ="FIL_GROUP" FROMINSTANCETYPE ="Filter" TOFIELD ="STATE" TOINSTANCE ="GROUP_2387464" TOINSTANCETYPE ="Target Definition"/>
        <CONNECTOR FROMFIELD ="ZIP" FROMINSTANCE ="FIL_GROUP" FROMINSTANCETYPE ="Filter" TOFIELD ="ZIP" TOINSTANCE ="GROUP_2387464" TOINSTANCETYPE ="Target Definition"/>
        <CONNECTOR FROMFIELD ="NEXTVAL" FROMINSTANCE ="SEQ_GROUP" FROMINSTANCETYPE ="Sequence" TOFIELD ="GRP_SK" TOINSTANCE ="GROUP_2387464" TOINSTANCETYPE ="Target Definition"/>
        <CONNECTOR FROMFIELD ="GROUP_ID" FROMINSTANCE ="Group_Fixed_2387464" FROMINSTANCETYPE ="Source Definition" TOFIELD ="GROUP_ID" TOINSTANCE ="SQ_Group_Fixed_2387464" TOINSTANCETYPE ="Source Qualifier"/>
        <CONNECTOR FROMFIELD ="GROUP_NAME" FROMINSTANCE ="Group_Fixed_2387464" FROMINSTANCETYPE ="Source Definition" TOFIELD ="GROUP_NAME" TOINSTANCE ="SQ_Group_Fixed_2387464" TOINSTANCETYPE ="Source Qualifier"/>
        <CONNECTOR FROMFIELD ="EFF_DT" FROMINSTANCE ="Group_Fixed_2387464" FROMINSTANCETYPE ="Source Definition" TOFIELD ="EFF_DT" TOINSTANCE ="SQ_Group_Fixed_2387464" TOINSTANCETYPE ="Source Qualifier"/>
        <CONNECTOR FROMFIELD ="TERM_DT" FROMINSTANCE ="Group_Fixed_2387464" FROMINSTANCETYPE ="Source Definition" TOFIELD ="TERM_DT" TOINSTANCE ="SQ_Group_Fixed_2387464" TOINSTANCETYPE ="Source Qualifier"/>
        <CONNECTOR FROMFIELD ="STREET" FROMINSTANCE ="Group_Fixed_2387464" FROMINSTANCETYPE ="Source Definition" TOFIELD ="STREET" TOINSTANCE ="SQ_Group_Fixed_2387464" TOINSTANCETYPE ="Source Qualifier"/>
        <CONNECTOR FROMFIELD ="CITY" FROMINSTANCE ="Group_Fixed_2387464" FROMINSTANCETYPE ="Source Definition" TOFIELD ="CITY" TOINSTANCE ="SQ_Group_Fixed_2387464" TOINSTANCETYPE ="Source Qualifier"/>
        <CONNECTOR FROMFIELD ="STATE" FROMINSTANCE ="Group_Fixed_2387464" FROMINSTANCETYPE ="Source Definition" TOFIELD ="STATE" TOINSTANCE ="SQ_Group_Fixed_2387464" TOINSTANCETYPE ="Source Qualifier"/>
        <CONNECTOR FROMFIELD ="ZIP" FROMINSTANCE ="Group_Fixed_2387464" FROMINSTANCETYPE ="Source Definition" TOFIELD ="ZIP" TOINSTANCE ="SQ_Group_Fixed_2387464" TOINSTANCETYPE ="Source Qualifier"/>
        <CONNECTOR FROMFIELD ="GROUP_ID" FROMINSTANCE ="SQ_Group_Fixed_2387464" FROMINSTANCETYPE ="Source Qualifier" TOFIELD ="GROUP_ID" TOINSTANCE ="EXP_GROUP_FIXED" TOINSTANCETYPE ="Expression"/>
        <CONNECTOR FROMFIELD ="GROUP_NAME" FROMINSTANCE ="SQ_Group_Fixed_2387464" FROMINSTANCETYPE ="Source Qualifier" TOFIELD ="I_GROUP_NAME" TOINSTANCE ="EXP_GROUP_FIXED" TOINSTANCETYPE ="Expression"/>
        <CONNECTOR FROMFIELD ="EFF_DT" FROMINSTANCE ="SQ_Group_Fixed_2387464" FROMINSTANCETYPE ="Source Qualifier" TOFIELD ="I_EFF_DT" TOINSTANCE ="EXP_GROUP_FIXED" TOINSTANCETYPE ="Expression"/>
        <CONNECTOR FROMFIELD ="TERM_DT" FROMINSTANCE ="SQ_Group_Fixed_2387464" FROMINSTANCETYPE ="Source Qualifier" TOFIELD ="I_TERM_DT" TOINSTANCE ="EXP_GROUP_FIXED" TOINSTANCETYPE ="Expression"/>
        <CONNECTOR FROMFIELD ="STREET" FROMINSTANCE ="SQ_Group_Fixed_2387464" FROMINSTANCETYPE ="Source Qualifier" TOFIELD ="I_STREET" TOINSTANCE ="EXP_GROUP_FIXED" TOINSTANCETYPE ="Expression"/>
        <CONNECTOR FROMFIELD ="CITY" FROMINSTANCE ="SQ_Group_Fixed_2387464" FROMINSTANCETYPE ="Source Qualifier" TOFIELD ="I_CITY" TOINSTANCE ="EXP_GROUP_FIXED" TOINSTANCETYPE ="Expression"/>
        <CONNECTOR FROMFIELD ="STATE" FROMINSTANCE ="SQ_Group_Fixed_2387464" FROMINSTANCETYPE ="Source Qualifier" TOFIELD ="I_STATE" TOINSTANCE ="EXP_GROUP_FIXED" TOINSTANCETYPE ="Expression"/>
        <CONNECTOR FROMFIELD ="ZIP" FROMINSTANCE ="SQ_Group_Fixed_2387464" FROMINSTANCETYPE ="Source Qualifier" TOFIELD ="ZIP" TOINSTANCE ="EXP_GROUP_FIXED" TOINSTANCETYPE ="Expression"/>
        <CONNECTOR FROMFIELD ="GROUP_ID" FROMINSTANCE ="SQ_Group_Comma_2387464" FROMINSTANCETYPE ="Source Qualifier" TOFIELD ="GROUP_ID" TOINSTANCE ="EXP_GROUP_COMMA" TOINSTANCETYPE ="Expression"/>
        <CONNECTOR FROMFIELD ="GROUP_NAME" FROMINSTANCE ="SQ_Group_Comma_2387464" FROMINSTANCETYPE ="Source Qualifier" TOFIELD ="I_GROUP_NAME" TOINSTANCE ="EXP_GROUP_COMMA" TOINSTANCETYPE ="Expression"/>
        <CONNECTOR FROMFIELD ="EFF_DT" FROMINSTANCE ="SQ_Group_Comma_2387464" FROMINSTANCETYPE ="Source Qualifier" TOFIELD ="I_EFF_DT" TOINSTANCE ="EXP_GROUP_COMMA" TOINSTANCETYPE ="Expression"/>
        <CONNECTOR FROMFIELD ="TERM_DT" FROMINSTANCE ="SQ_Group_Comma_2387464" FROMINSTANCETYPE ="Source Qualifier" TOFIELD ="I_TERM_DT" TOINSTANCE ="EXP_GROUP_COMMA" TOINSTANCETYPE ="Expression"/>
        <CONNECTOR FROMFIELD ="STREET" FROMINSTANCE ="SQ_Group_Comma_2387464" FROMINSTANCETYPE ="Source Qualifier" TOFIELD ="I_STREET" TOINSTANCE ="EXP_GROUP_COMMA" TOINSTANCETYPE ="Expression"/>
        <CONNECTOR FROMFIELD ="CITY" FROMINSTANCE ="SQ_Group_Comma_2387464" FROMINSTANCETYPE ="Source Qualifier" TOFIELD ="I_CITY" TOINSTANCE ="EXP_GROUP_COMMA" TOINSTANCETYPE ="Expression"/>
        <CONNECTOR FROMFIELD ="STATE" FROMINSTANCE ="SQ_Group_Comma_2387464" FROMINSTANCETYPE ="Source Qualifier" TOFIELD ="I_STATE" TOINSTANCE ="EXP_GROUP_COMMA" TOINSTANCETYPE ="Expression"/>
        <CONNECTOR FROMFIELD ="ZIP" FROMINSTANCE ="SQ_Group_Comma_2387464" FROMINSTANCETYPE ="Source Qualifier" TOFIELD ="ZIP" TOINSTANCE ="EXP_GROUP_COMMA" TOINSTANCETYPE ="Expression"/>
        <CONNECTOR FROMFIELD ="GROUP_ID" FROMINSTANCE ="EXP_GROUP_COMMA" FROMINSTANCETYPE ="Expression" TOFIELD ="GROUP_ID1" TOINSTANCE ="UN_GROUP" TOINSTANCETYPE ="Custom Transformation"/>
        <CONNECTOR FROMFIELD ="GROUP_NAME" FROMINSTANCE ="EXP_GROUP_COMMA" FROMINSTANCETYPE ="Expression" TOFIELD ="GROUP_NAME1" TOINSTANCE ="UN_GROUP" TOINSTANCETYPE ="Custom Transformation"/>
        <CONNECTOR FROMFIELD ="EFF_DT" FROMINSTANCE ="EXP_GROUP_COMMA" FROMINSTANCETYPE ="Expression" TOFIELD ="EFF_DT1" TOINSTANCE ="UN_GROUP" TOINSTANCETYPE ="Custom Transformation"/>
        <CONNECTOR FROMFIELD ="TERM_DT" FROMINSTANCE ="EXP_GROUP_COMMA" FROMINSTANCETYPE ="Expression" TOFIELD ="TERM_DT1" TOINSTANCE ="UN_GROUP" TOINSTANCETYPE ="Custom Transformation"/>
        <CONNECTOR FROMFIELD ="STREET" FROMINSTANCE ="EXP_GROUP_COMMA" FROMINSTANCETYPE ="Expression" TOFIELD ="STREET1" TOINSTANCE ="UN_GROUP" TOINSTANCETYPE ="Custom Transformation"/>
        <CONNECTOR FROMFIELD ="CITY" FROMINSTANCE ="EXP_GROUP_COMMA" FROMINSTANCETYPE ="Expression" TOFIELD ="CITY1" TOINSTANCE ="UN_GROUP" TOINSTANCETYPE ="Custom Transformation"/>
        <CONNECTOR FROMFIELD ="STATE" FROMINSTANCE ="EXP_GROUP_COMMA" FROMINSTANCETYPE ="Expression" TOFIELD ="STATE1" TOINSTANCE ="UN_GROUP" TOINSTANCETYPE ="Custom Transformation"/>
        <CONNECTOR FROMFIELD ="ZIP" FROMINSTANCE ="EXP_GROUP_COMMA" FROMINSTANCETYPE ="Expression" TOFIELD ="ZIP1" TOINSTANCE ="UN_GROUP" TOINSTANCETYPE ="Custom Transformation"/>
        <CONNECTOR FROMFIELD ="GROUP_ID" FROMINSTANCE ="EXP_GROUP_FIXED" FROMINSTANCETYPE ="Expression" TOFIELD ="GROUP_ID2" TOINSTANCE ="UN_GROUP" TOINSTANCETYPE ="Custom Transformation"/>
        <CONNECTOR FROMFIELD ="GROUP_NAME" FROMINSTANCE ="EXP_GROUP_FIXED" FROMINSTANCETYPE ="Expression" TOFIELD ="GROUP_NAME2" TOINSTANCE ="UN_GROUP" TOINSTANCETYPE ="Custom Transformation"/>
        <CONNECTOR FROMFIELD ="EFF_DT" FROMINSTANCE ="EXP_GROUP_FIXED" FROMINSTANCETYPE ="Expression" TOFIELD ="EFF_DT2" TOINSTANCE ="UN_GROUP" TOINSTANCETYPE ="Custom Transformation"/>
        <CONNECTOR FROMFIELD ="TERM_DT" FROMINSTANCE ="EXP_GROUP_FIXED" FROMINSTANCETYPE ="Expression" TOFIELD ="TERM_DT2" TOINSTANCE ="UN_GROUP" TOINSTANCETYPE ="Custom Transformation"/>
        <CONNECTOR FROMFIELD ="STREET" FROMINSTANCE ="EXP_GROUP_FIXED" FROMINSTANCETYPE ="Expression" TOFIELD ="STREET2" TOINSTANCE ="UN_GROUP" TOINSTANCETYPE ="Custom Transformation"/>
        <CONNECTOR FROMFIELD ="CITY" FROMINSTANCE ="EXP_GROUP_FIXED" FROMINSTANCETYPE ="Expression" TOFIELD ="CITY2" TOINSTANCE ="UN_GROUP" TOINSTANCETYPE ="Custom Transformation"/>
        <CONNECTOR FROMFIELD ="STATE" FROMINSTANCE ="EXP_GROUP_FIXED" FROMINSTANCETYPE ="Expression" TOFIELD ="STATE2" TOINSTANCE ="UN_GROUP" TOINSTANCETYPE ="Custom Transformation"/>
        <CONNECTOR FROMFIELD ="ZIP" FROMINSTANCE ="EXP_GROUP_FIXED" FROMINSTANCETYPE ="Expression" TOFIELD ="ZIP2" TOINSTANCE ="UN_GROUP" TOINSTANCETYPE ="Custom Transformation"/>
        <CONNECTOR FROMFIELD ="GROUP_ID" FROMINSTANCE ="Group_Comma_2387464" FROMINSTANCETYPE ="Source Definition" TOFIELD ="GROUP_ID" TOINSTANCE ="SQ_Group_Comma_2387464" TOINSTANCETYPE ="Source Qualifier"/>
        <CONNECTOR FROMFIELD ="GROUP_NAME" FROMINSTANCE ="Group_Comma_2387464" FROMINSTANCETYPE ="Source Definition" TOFIELD ="GROUP_NAME" TOINSTANCE ="SQ_Group_Comma_2387464" TOINSTANCETYPE ="Source Qualifier"/>
        <CONNECTOR FROMFIELD ="EFF_DT" FROMINSTANCE ="Group_Comma_2387464" FROMINSTANCETYPE ="Source Definition" TOFIELD ="EFF_DT" TOINSTANCE ="SQ_Group_Comma_2387464" TOINSTANCETYPE ="Source Qualifier"/>
        <CONNECTOR FROMFIELD ="TERM_DT" FROMINSTANCE ="Group_Comma_2387464" FROMINSTANCETYPE ="Source Definition" TOFIELD ="TERM_DT" TOINSTANCE ="SQ_Group_Comma_2387464" TOINSTANCETYPE ="Source Qualifier"/>
        <CONNECTOR FROMFIELD ="STREET" FROMINSTANCE ="Group_Comma_2387464" FROMINSTANCETYPE ="Source Definition" TOFIELD ="STREET" TOINSTANCE ="SQ_Group_Comma_2387464" TOINSTANCETYPE ="Source Qualifier"/>
        <CONNECTOR FROMFIELD ="CITY" FROMINSTANCE ="Group_Comma_2387464" FROMINSTANCETYPE ="Source Definition" TOFIELD ="CITY" TOINSTANCE ="SQ_Group_Comma_2387464" TOINSTANCETYPE ="Source Qualifier"/>
        <CONNECTOR FROMFIELD ="STATE" FROMINSTANCE ="Group_Comma_2387464" FROMINSTANCETYPE ="Source Definition" TOFIELD ="STATE" TOINSTANCE ="SQ_Group_Comma_2387464" TOINSTANCETYPE ="Source Qualifier"/>
        <CONNECTOR FROMFIELD ="ZIP" FROMINSTANCE ="Group_Comma_2387464" FROMINSTANCETYPE ="Source Definition" TOFIELD ="ZIP" TOINSTANCE ="SQ_Group_Comma_2387464" TOINSTANCETYPE ="Source Qualifier"/>
        <CONNECTOR FROMFIELD ="GROUP_NAME" FROMINSTANCE ="EXP_GROUP" FROMINSTANCETYPE ="Expression" TOFIELD ="GROUP_NAME" TOINSTANCE ="FIL_GROUP" TOINSTANCETYPE ="Filter"/>
        <CONNECTOR FROMFIELD ="EFF_DT" FROMINSTANCE ="EXP_GROUP" FROMINSTANCETYPE ="Expression" TOFIELD ="EFF_DT" TOINSTANCE ="FIL_GROUP" TOINSTANCETYPE ="Filter"/>
        <CONNECTOR FROMFIELD ="TERM_DT" FROMINSTANCE ="EXP_GROUP" FROMINSTANCETYPE ="Expression" TOFIELD ="TERM_DT" TOINSTANCE ="FIL_GROUP" TOINSTANCETYPE ="Filter"/>
        <CONNECTOR FROMFIELD ="STREET" FROMINSTANCE ="EXP_GROUP" FROMINSTANCETYPE ="Expression" TOFIELD ="STREET" TOINSTANCE ="FIL_GROUP" TOINSTANCETYPE ="Filter"/>
        <CONNECTOR FROMFIELD ="CITY" FROMINSTANCE ="EXP_GROUP" FROMINSTANCETYPE ="Expression" TOFIELD ="CITY" TOINSTANCE ="FIL_GROUP" TOINSTANCETYPE ="Filter"/>
        <CONNECTOR FROMFIELD ="STATE" FROMINSTANCE ="EXP_GROUP" FROMINSTANCETYPE ="Expression" TOFIELD ="STATE" TOINSTANCE ="FIL_GROUP" TOINSTANCETYPE ="Filter"/>
        <CONNECTOR FROMFIELD ="ZIP" FROMINSTANCE ="EXP_GROUP" FROMINSTANCETYPE ="Expression" TOFIELD ="ZIP" TOINSTANCE ="FIL_GROUP" TOINSTANCETYPE ="Filter"/>
        <CONNECTOR FROMFIELD ="SYSTEM_DATE" FROMINSTANCE ="EXP_GROUP" FROMINSTANCETYPE ="Expression" TOFIELD ="SYSTEM_DATE" TOINSTANCE ="FIL_GROUP" TOINSTANCETYPE ="Filter"/>
        <CONNECTOR FROMFIELD ="GROUP_ID" FROMINSTANCE ="EXP_GROUP" FROMINSTANCETYPE ="Expression" TOFIELD ="GROUP_ID" TOINSTANCE ="FIL_GROUP" TOINSTANCETYPE ="Filter"/>
        <CONNECTOR FROMFIELD ="GROUP_ID" FROMINSTANCE ="SRT_GROUP" FROMINSTANCETYPE ="Sorter" TOFIELD ="I_GROUP_ID" TOINSTANCE ="EXP_GROUP" TOINSTANCETYPE ="Expression"/>
        <CONNECTOR FROMFIELD ="GROUP_NAME" FROMINSTANCE ="SRT_GROUP" FROMINSTANCETYPE ="Sorter" TOFIELD ="GROUP_NAME" TOINSTANCE ="EXP_GROUP" TOINSTANCETYPE ="Expression"/>
        <CONNECTOR FROMFIELD ="EFF_DT" FROMINSTANCE ="SRT_GROUP" FROMINSTANCETYPE ="Sorter" TOFIELD ="I_EFF_DT" TOINSTANCE ="EXP_GROUP" TOINSTANCETYPE ="Expression"/>
        <CONNECTOR FROMFIELD ="TERM_DT" FROMINSTANCE ="SRT_GROUP" FROMINSTANCETYPE ="Sorter" TOFIELD ="I_TERM_DT" TOINSTANCE ="EXP_GROUP" TOINSTANCETYPE ="Expression"/>
        <CONNECTOR FROMFIELD ="STREET" FROMINSTANCE ="SRT_GROUP" FROMINSTANCETYPE ="Sorter" TOFIELD ="STREET" TOINSTANCE ="EXP_GROUP" TOINSTANCETYPE ="Expression"/>
        <CONNECTOR FROMFIELD ="CITY" FROMINSTANCE ="SRT_GROUP" FROMINSTANCETYPE ="Sorter" TOFIELD ="CITY" TOINSTANCE ="EXP_GROUP" TOINSTANCETYPE ="Expression"/>
        <CONNECTOR FROMFIELD ="STATE" FROMINSTANCE ="SRT_GROUP" FROMINSTANCETYPE ="Sorter" TOFIELD ="STATE" TOINSTANCE ="EXP_GROUP" TOINSTANCETYPE ="Expression"/>
        <CONNECTOR FROMFIELD ="ZIP" FROMINSTANCE ="SRT_GROUP" FROMINSTANCETYPE ="Sorter" TOFIELD ="ZIP" TOINSTANCE ="EXP_GROUP" TOINSTANCETYPE ="Expression"/>
        <CONNECTOR FROMFIELD ="GROUP_ID" FROMINSTANCE ="UN_GROUP" FROMINSTANCETYPE ="Custom Transformation" TOFIELD ="GROUP_ID" TOINSTANCE ="SRT_GROUP" TOINSTANCETYPE ="Sorter"/>
        <CONNECTOR FROMFIELD ="GROUP_NAME" FROMINSTANCE ="UN_GROUP" FROMINSTANCETYPE ="Custom Transformation" TOFIELD ="GROUP_NAME" TOINSTANCE ="SRT_GROUP" TOINSTANCETYPE ="Sorter"/>
        <CONNECTOR FROMFIELD ="EFF_DT" FROMINSTANCE ="UN_GROUP" FROMINSTANCETYPE ="Custom Transformation" TOFIELD ="EFF_DT" TOINSTANCE ="SRT_GROUP" TOINSTANCETYPE ="Sorter"/>
        <CONNECTOR FROMFIELD ="TERM_DT" FROMINSTANCE ="UN_GROUP" FROMINSTANCETYPE ="Custom Transformation" TOFIELD ="TERM_DT" TOINSTANCE ="SRT_GROUP" TOINSTANCETYPE ="Sorter"/>
        <CONNECTOR FROMFIELD ="STREET" FROMINSTANCE ="UN_GROUP" FROMINSTANCETYPE ="Custom Transformation" TOFIELD ="STREET" TOINSTANCE ="SRT_GROUP" TOINSTANCETYPE ="Sorter"/>
        <CONNECTOR FROMFIELD ="CITY" FROMINSTANCE ="UN_GROUP" FROMINSTANCETYPE ="Custom Transformation" TOFIELD ="CITY" TOINSTANCE ="SRT_GROUP" TOINSTANCETYPE ="Sorter"/>
        <CONNECTOR FROMFIELD ="STATE" FROMINSTANCE ="UN_GROUP" FROMINSTANCETYPE ="Custom Transformation" TOFIELD ="STATE" TOINSTANCE ="SRT_GROUP" TOINSTANCETYPE ="Sorter"/>
        <CONNECTOR FROMFIELD ="ZIP" FROMINSTANCE ="UN_GROUP" FROMINSTANCETYPE ="Custom Transformation" TOFIELD ="ZIP" TOINSTANCE ="SRT_GROUP" TOINSTANCETYPE ="Sorter"/>
        <TARGETLOADORDER ORDER ="1" TARGETINSTANCE ="GROUP_2387464"/>
        <ERPINFO/>
    </MAPPING>
</FOLDER>
</REPOSITORY>
</POWERMART>