<?xml version="1.0" encoding="Windows-1252"?>
<!-- Informatica proprietary -->
<!DOCTYPE POWERMART SYSTEM "powrmart.dtd">
<POWERMART CREATION_DATE="03/12/2025 09:39:05" REPOSITORY_VERSION="189.98">
<REPOSITORY NAME="REP" VERSION="189" CODEPAGE="MS1252" DATABASETYPE="Oracle">
<FOLDER NAME="Test" GROUP="" OWNER="Administrator" SHARED="NOTSHARED" DESCRIPTION="" PERMISSIONS="rwx---r--" UUID="8218d282-cb8a-40be-9551-42ee51c884c5">
    <SOURCE BUSINESSNAME ="" DATABASETYPE ="Flat File" DBDNAME ="FlatFile" DESCRIPTION ="" NAME ="Group_Fixed_2387336" OBJECTVERSION ="1" OWNERNAME ="" VERSIONNUMBER ="1">
        <FLATFILE CODEPAGE ="MS1252" CONSECDELIMITERSASONE ="NO" DELIMITED ="YES" DELIMITERS ="," ESCAPE_CHARACTER ="" KEEPESCAPECHAR ="NO" LINESEQUENTIAL ="NO" MULTIDELIMITERSASAND ="NO" NULLCHARTYPE ="ASCII" NULL_CHARACTER ="*" PADBYTES ="1" QUOTE_CHARACTER ="DOUBLE" REPEATABLE ="NO" ROWDELIMITER ="0" SHIFTSENSITIVEDATA ="NO" SKIPROWS ="1" STRIPTRAILINGBLANKS ="NO"/>
        <TABLEATTRIBUTE NAME ="Base Table Name" VALUE =""/>
        <TABLEATTRIBUTE NAME ="Search Specification" VALUE =""/>
        <TABLEATTRIBUTE NAME ="Sort Specification" VALUE =""/>
        <TABLEATTRIBUTE NAME ="Datetime Format" VALUE ="A  19 mm/dd/yyyy hh24:mi:ss"/>
        <TABLEATTRIBUTE NAME ="Thousand Separator" VALUE ="None"/>
        <TABLEATTRIBUTE NAME ="Decimal Separator" VALUE ="."/>
        <TABLEATTRIBUTE NAME ="Add Currently Processed Flat File Name Port" VALUE ="NO"/>
        <TABLEATTRIBUTE NAME ="Source TimeStamp" VALUE =""/>
        <SOURCEFIELD BUSINESSNAME ="" DATATYPE ="number" DESCRIPTION ="" FIELDNUMBER ="1" FIELDPROPERTY ="0" FIELDTYPE ="ELEMITEM" HIDDEN ="NO" KEYTYPE ="NOT A KEY" LENGTH ="8" LEVEL ="0" NAME ="GROUP_ID" NULLABLE ="NULL" OCCURS ="0" OFFSET ="0" PHYSICALLENGTH ="8" PHYSICALOFFSET ="0" PICTURETEXT ="" PRECISION ="8" SCALE ="0" USAGE_FLAGS =""/>
        <SOURCEFIELD BUSINESSNAME ="" DATATYPE ="string" DESCRIPTION ="" FIELDNUMBER ="2" FIELDPROPERTY ="0" FIELDTYPE ="ELEMITEM" HIDDEN ="NO" KEYTYPE ="NOT A KEY" LENGTH ="16" LEVEL ="0" NAME ="GROUP_NAME" NULLABLE ="NULL" OCCURS ="0" OFFSET ="8" PHYSICALLENGTH ="16" PHYSICALOFFSET ="8" PICTURETEXT ="" PRECISION ="16" SCALE ="0" USAGE_FLAGS =""/>
        <SOURCEFIELD BUSINESSNAME ="" DATATYPE ="string" DESCRIPTION ="" FIELDNUMBER ="3" FIELDPROPERTY ="0" FIELDTYPE ="ELEMITEM" HIDDEN ="NO" KEYTYPE ="NOT A KEY" LENGTH ="10" LEVEL ="0" NAME ="EFF_DT" NULLABLE ="NULL" OCCURS ="0" OFFSET ="24" PHYSICALLENGTH ="10" PHYSICALOFFSET ="24" PICTURETEXT ="" PRECISION ="10" SCALE ="0" USAGE_FLAGS =""/>
        <SOURCEFIELD BUSINESSNAME ="" DATATYPE ="string" DESCRIPTION ="" FIELDNUMBER ="4" FIELDPROPERTY ="0" FIELDTYPE ="ELEMITEM" HIDDEN ="NO" KEYTYPE ="NOT A KEY" LENGTH ="10" LEVEL ="0" NAME ="TERM_DT" NULLABLE ="NULL" OCCURS ="0" OFFSET ="34" PHYSICALLENGTH ="10" PHYSICALOFFSET ="34" PICTURETEXT ="" PRECISION ="10" SCALE ="0" USAGE_FLAGS =""/>
        <SOURCEFIELD BUSINESSNAME ="" DATATYPE ="string" DESCRIPTION ="" FIELDNUMBER ="5" FIELDPROPERTY ="0" FIELDTYPE ="ELEMITEM" HIDDEN ="NO" KEYTYPE ="NOT A KEY" LENGTH ="20" LEVEL ="0" NAME ="STREET" NULLABLE ="NULL" OCCURS ="0" OFFSET ="44" PHYSICALLENGTH ="20" PHYSICALOFFSET ="44" PICTURETEXT ="" PRECISION ="20" SCALE ="0" USAGE_FLAGS =""/>
        <SOURCEFIELD BUSINESSNAME ="" DATATYPE ="string" DESCRIPTION ="" FIELDNUMBER ="6" FIELDPROPERTY ="0" FIELDTYPE ="ELEMITEM" HIDDEN ="NO" KEYTYPE ="NOT A KEY" LENGTH ="16" LEVEL ="0" NAME ="CITY" NULLABLE ="NULL" OCCURS ="0" OFFSET ="64" PHYSICALLENGTH ="16" PHYSICALOFFSET ="64" PICTURETEXT ="" PRECISION ="16" SCALE ="0" USAGE_FLAGS =""/>
        <SOURCEFIELD BUSINESSNAME ="" DATATYPE ="string" DESCRIPTION ="" FIELDNUMBER ="7" FIELDPROPERTY ="0" FIELDTYPE ="ELEMITEM" HIDDEN ="NO" KEYTYPE ="NOT A KEY" LENGTH ="16" LEVEL ="0" NAME ="STATE" NULLABLE ="NULL" OCCURS ="0" OFFSET ="80" PHYSICALLENGTH ="16" PHYSICALOFFSET ="80" PICTURETEXT ="" PRECISION ="16" SCALE ="0" USAGE_FLAGS =""/>
        <SOURCEFIELD BUSINESSNAME ="" DATATYPE ="number" DESCRIPTION ="" FIELDNUMBER ="8" FIELDPROPERTY ="0" FIELDTYPE ="ELEMITEM" HIDDEN ="NO" KEYTYPE ="NOT A KEY" LENGTH ="5" LEVEL ="0" NAME ="ZIP" NULLABLE ="NULL" OCCURS ="0" OFFSET ="96" PHYSICALLENGTH ="5" PHYSICALOFFSET ="96" PICTURETEXT ="" PRECISION ="5" SCALE ="0" USAGE_FLAGS =""/>
    </SOURCE>
    <SOURCE BUSINESSNAME ="" DATABASETYPE ="Flat File" DBDNAME ="FlatFile" DESCRIPTION ="" NAME ="Group" OBJECTVERSION ="1" OWNERNAME ="" VERSIONNUMBER ="1">
        <FLATFILE CODEPAGE ="MS1252" CONSECDELIMITERSASONE ="NO" DELIMITED ="YES" DELIMITERS ="," ESCAPE_CHARACTER ="" KEEPESCAPECHAR ="NO" LINESEQUENTIAL ="NO" MULTIDELIMITERSASAND ="NO" NULLCHARTYPE ="ASCII" NULL_CHARACTER ="*" PADBYTES ="1" QUOTE_CHARACTER ="DOUBLE" REPEATABLE ="NO" ROWDELIMITER ="0" SHIFTSENSITIVEDATA ="NO" SKIPROWS ="1" STRIPTRAILINGBLANKS ="NO"/>
        <TABLEATTRIBUTE NAME ="Base Table Name" VALUE =""/>
        <TABLEATTRIBUTE NAME ="Search Specification" VALUE =""/>
        <TABLEATTRIBUTE NAME ="Sort Specification" VALUE =""/>
        <TABLEATTRIBUTE NAME ="Datetime Format" VALUE ="A  19 mm/dd/yyyy hh24:mi:ss"/>
        <TABLEATTRIBUTE NAME ="Thousand Separator" VALUE ="None"/>
        <TABLEATTRIBUTE NAME ="Decimal Separator" VALUE ="."/>
        <TABLEATTRIBUTE NAME ="Add Currently Processed Flat File Name Port" VALUE ="NO"/>
        <TABLEATTRIBUTE NAME ="Source TimeStamp" VALUE =""/>
        <SOURCEFIELD BUSINESSNAME ="" DATATYPE ="number" DESCRIPTION ="" FIELDNUMBER ="1" FIELDPROPERTY ="0" FIELDTYPE ="ELEMITEM" HIDDEN ="NO" KEYTYPE ="NOT A KEY" LENGTH ="5" LEVEL ="0" NAME ="GROUP_ID" NULLABLE ="NULL" OCCURS ="0" OFFSET ="0" PHYSICALLENGTH ="5" PHYSICALOFFSET ="0" PICTURETEXT ="" PRECISION ="5" SCALE ="0" USAGE_FLAGS =""/>
        <SOURCEFIELD BUSINESSNAME ="" DATATYPE ="string" DESCRIPTION ="" FIELDNUMBER ="2" FIELDPROPERTY ="0" FIELDTYPE ="ELEMITEM" HIDDEN ="NO" KEYTYPE ="NOT A KEY" LENGTH ="11" LEVEL ="0" NAME ="GROUP_NAME" NULLABLE ="NULL" OCCURS ="0" OFFSET ="5" PHYSICALLENGTH ="11" PHYSICALOFFSET ="5" PICTURETEXT ="" PRECISION ="11" SCALE ="0" USAGE_FLAGS =""/>
        <SOURCEFIELD BUSINESSNAME ="" DATATYPE ="string" DESCRIPTION ="" FIELDNUMBER ="3" FIELDPROPERTY ="0" FIELDTYPE ="ELEMITEM" HIDDEN ="NO" KEYTYPE ="NOT A KEY" LENGTH ="9" LEVEL ="0" NAME ="EFF_DT" NULLABLE ="NULL" OCCURS ="0" OFFSET ="16" PHYSICALLENGTH ="9" PHYSICALOFFSET ="16" PICTURETEXT ="" PRECISION ="9" SCALE ="0" USAGE_FLAGS =""/>
        <SOURCEFIELD BUSINESSNAME ="" DATATYPE ="string" DESCRIPTION ="" FIELDNUMBER ="4" FIELDPROPERTY ="0" FIELDTYPE ="ELEMITEM" HIDDEN ="NO" KEYTYPE ="NOT A KEY" LENGTH ="10" LEVEL ="0" NAME ="TERM_DT" NULLABLE ="NULL" OCCURS ="0" OFFSET ="25" PHYSICALLENGTH ="10" PHYSICALOFFSET ="25" PICTURETEXT ="" PRECISION ="10" SCALE ="0" USAGE_FLAGS =""/>
        <SOURCEFIELD BUSINESSNAME ="" DATATYPE ="string" DESCRIPTION ="" FIELDNUMBER ="5" FIELDPROPERTY ="0" FIELDTYPE ="ELEMITEM" HIDDEN ="NO" KEYTYPE ="NOT A KEY" LENGTH ="9" LEVEL ="0" NAME ="STREET" NULLABLE ="NULL" OCCURS ="0" OFFSET ="35" PHYSICALLENGTH ="9" PHYSICALOFFSET ="35" PICTURETEXT ="" PRECISION ="9" SCALE ="0" USAGE_FLAGS =""/>
        <SOURCEFIELD BUSINESSNAME ="" DATATYPE ="string" DESCRIPTION ="" FIELDNUMBER ="6" FIELDPROPERTY ="0" FIELDTYPE ="ELEMITEM" HIDDEN ="NO" KEYTYPE ="NOT A KEY" LENGTH ="9" LEVEL ="0" NAME ="CITY" NULLABLE ="NULL" OCCURS ="0" OFFSET ="44" PHYSICALLENGTH ="9" PHYSICALOFFSET ="44" PICTURETEXT ="" PRECISION ="9" SCALE ="0" USAGE_FLAGS =""/>
        <SOURCEFIELD BUSINESSNAME ="" DATATYPE ="string" DESCRIPTION ="" FIELDNUMBER ="7" FIELDPROPERTY ="0" FIELDTYPE ="ELEMITEM" HIDDEN ="NO" KEYTYPE ="NOT A KEY" LENGTH ="8" LEVEL ="0" NAME ="STATE" NULLABLE ="NULL" OCCURS ="0" OFFSET ="53" PHYSICALLENGTH ="8" PHYSICALOFFSET ="53" PICTURETEXT ="" PRECISION ="8" SCALE ="0" USAGE_FLAGS =""/>
        <SOURCEFIELD BUSINESSNAME ="" DATATYPE ="number" DESCRIPTION ="" FIELDNUMBER ="8" FIELDPROPERTY ="0" FIELDTYPE ="ELEMITEM" HIDDEN ="NO" KEYTYPE ="NOT A KEY" LENGTH ="5" LEVEL ="0" NAME ="ZIP" NULLABLE ="NULL" OCCURS ="0" OFFSET ="61" PHYSICALLENGTH ="5" PHYSICALOFFSET ="61" PICTURETEXT ="" PRECISION ="5" SCALE ="0" USAGE_FLAGS =""/>
    </SOURCE>
    <TARGET BUSINESSNAME ="" CONSTRAINT ="" DATABASETYPE ="Oracle" DESCRIPTION ="" NAME ="GROUP_2387336" OBJECTVERSION ="1" TABLEOPTIONS ="" VERSIONNUMBER ="1">
        <TARGETFIELD BUSINESSNAME ="" DATATYPE ="number(p,s)" DESCRIPTION ="" FIELDNUMBER ="1" KEYTYPE ="PRIMARY KEY" NAME ="GRP_SK" NULLABLE ="NOTNULL" PICTURETEXT ="" PRECISION ="10" SCALE ="0"/>
        <TARGETFIELD BUSINESSNAME ="" DATATYPE ="varchar2" DESCRIPTION ="" FIELDNUMBER ="2" KEYTYPE ="NOT A KEY" NAME ="GROUP_ID" NULLABLE ="NOTNULL" PICTURETEXT ="" PRECISION ="8" SCALE ="0"/>
        <TARGETFIELD BUSINESSNAME ="" DATATYPE ="varchar2" DESCRIPTION ="" FIELDNUMBER ="3" KEYTYPE ="NOT A KEY" NAME ="GROUP_NAME" NULLABLE ="NOTNULL" PICTURETEXT ="" PRECISION ="30" SCALE ="0"/>
        <TARGETFIELD BUSINESSNAME ="" DATATYPE ="date" DESCRIPTION ="" FIELDNUMBER ="4" KEYTYPE ="NOT A KEY" NAME ="EFF_DT" NULLABLE ="NOTNULL" PICTURETEXT ="" PRECISION ="19" SCALE ="0"/>
        <TARGETFIELD BUSINESSNAME ="" DATATYPE ="date" DESCRIPTION ="" FIELDNUMBER ="5" KEYTYPE ="NOT A KEY" NAME ="TERM_DT" NULLABLE ="NOTNULL" PICTURETEXT ="" PRECISION ="19" SCALE ="0"/>
        <TARGETFIELD BUSINESSNAME ="" DATATYPE ="varchar2" DESCRIPTION ="" FIELDNUMBER ="6" KEYTYPE ="NOT A KEY" NAME ="STREET" NULLABLE ="NULL" PICTURETEXT ="" PRECISION ="35" SCALE ="0"/>
        <TARGETFIELD BUSINESSNAME ="" DATATYPE ="varchar2" DESCRIPTION ="" FIELDNUMBER ="7" KEYTYPE ="NOT A KEY" NAME ="CITY" NULLABLE ="NULL" PICTURETEXT ="" PRECISION ="15" SCALE ="0"/>
        <TARGETFIELD BUSINESSNAME ="" DATATYPE ="varchar2" DESCRIPTION ="" FIELDNUMBER ="8" KEYTYPE ="NOT A KEY" NAME ="STATE" NULLABLE ="NULL" PICTURETEXT ="" PRECISION ="20" SCALE ="0"/>
        <TARGETFIELD BUSINESSNAME ="" DATATYPE ="number(p,s)" DESCRIPTION ="" FIELDNUMBER ="9" KEYTYPE ="NOT A KEY" NAME ="ZIP" NULLABLE ="NOTNULL" PICTURETEXT ="" PRECISION ="5" SCALE ="0"/>
    </TARGET>
    <MAPPING DESCRIPTION ="" ISVALID ="YES" NAME ="m_HEALTHCARE" OBJECTVERSION ="1" VERSIONNUMBER ="1">
        <TRANSFORMATION DESCRIPTION ="" NAME ="EXPTRANS1" OBJECTVERSION ="1" REUSABLE ="NO" TYPE ="Expression" VERSIONNUMBER ="1">
            <TRANSFORMFIELD DATATYPE ="string" DEFAULTVALUE ="ERROR(&apos;transformation error&apos;)" DESCRIPTION ="" EXPRESSION ="LTRIM(RTRIM(GROUP_NAME))&#xD;&#xA; " EXPRESSIONTYPE ="GENERAL" NAME ="GRP_NAME" PICTURETEXT ="" PORTTYPE ="OUTPUT" PRECISION ="11" SCALE ="0"/>
            <TRANSFORMFIELD DATATYPE ="string" DEFAULTVALUE ="ERROR(&apos;transformation error&apos;)" DESCRIPTION ="" EXPRESSION ="LTRIM(RTRIM(EFF_DT))&#xD;&#xA; " EXPRESSIONTYPE ="GENERAL" NAME ="E_DT" PICTURETEXT ="" PORTTYPE ="OUTPUT" PRECISION ="9" SCALE ="0"/>
            <TRANSFORMFIELD DATATYPE ="string" DEFAULTVALUE ="ERROR(&apos;transformation error&apos;)" DESCRIPTION ="" EXPRESSION ="LTRIM(RTRIM(TERM_DT))&#xD;&#xA; " EXPRESSIONTYPE ="GENERAL" NAME ="T_DT" PICTURETEXT ="" PORTTYPE ="OUTPUT" PRECISION ="10" SCALE ="0"/>
            <TRANSFORMFIELD DATATYPE ="string" DEFAULTVALUE ="ERROR(&apos;transformation error&apos;)" DESCRIPTION ="" EXPRESSION ="LTRIM(RTRIM(STREET))&#xD;&#xA; " EXPRESSIONTYPE ="GENERAL" NAME ="STR" PICTURETEXT ="" PORTTYPE ="OUTPUT" PRECISION ="9" SCALE ="0"/>
            <TRANSFORMFIELD DATATYPE ="string" DEFAULTVALUE ="ERROR(&apos;transformation error&apos;)" DESCRIPTION ="" EXPRESSION ="LTRIM(RTRIM(CITY))&#xD;&#xA; " EXPRESSIONTYPE ="GENERAL" NAME ="CIT" PICTURETEXT ="" PORTTYPE ="OUTPUT" PRECISION ="9" SCALE ="0"/>
            <TRANSFORMFIELD DATATYPE ="string" DEFAULTVALUE ="ERROR(&apos;transformation error&apos;)" DESCRIPTION ="" EXPRESSION ="LTRIM(RTRIM(STATE))&#xD;&#xA; " EXPRESSIONTYPE ="GENERAL" NAME ="STA" PICTURETEXT ="" PORTTYPE ="OUTPUT" PRECISION ="8" SCALE ="0"/>
            <TRANSFORMFIELD DATATYPE ="decimal" DEFAULTVALUE ="" DESCRIPTION ="" EXPRESSION ="GROUP_ID" EXPRESSIONTYPE ="GENERAL" NAME ="GROUP_ID" PICTURETEXT ="" PORTTYPE ="INPUT/OUTPUT" PRECISION ="5" SCALE ="0"/>
            <TRANSFORMFIELD DATATYPE ="string" DEFAULTVALUE ="" DESCRIPTION ="" NAME ="GROUP_NAME" PICTURETEXT ="" PORTTYPE ="INPUT" PRECISION ="11" SCALE ="0"/>
            <TRANSFORMFIELD DATATYPE ="string" DEFAULTVALUE ="" DESCRIPTION ="" NAME ="EFF_DT" PICTURETEXT ="" PORTTYPE ="INPUT" PRECISION ="10" SCALE ="0"/>
            <TRANSFORMFIELD DATATYPE ="string" DEFAULTVALUE ="" DESCRIPTION ="" NAME ="TERM_DT" PICTURETEXT ="" PORTTYPE ="INPUT" PRECISION ="10" SCALE ="0"/>
            <TRANSFORMFIELD DATATYPE ="string" DEFAULTVALUE ="" DESCRIPTION ="" NAME ="STREET" PICTURETEXT ="" PORTTYPE ="INPUT" PRECISION ="9" SCALE ="0"/>
            <TRANSFORMFIELD DATATYPE ="string" DEFAULTVALUE ="" DESCRIPTION ="" NAME ="CITY" PICTURETEXT ="" PORTTYPE ="INPUT" PRECISION ="9" SCALE ="0"/>
            <TRANSFORMFIELD DATATYPE ="string" DEFAULTVALUE ="" DESCRIPTION ="" NAME ="STATE" PICTURETEXT ="" PORTTYPE ="INPUT" PRECISION ="8" SCALE ="0"/>
            <TRANSFORMFIELD DATATYPE ="decimal" DEFAULTVALUE ="" DESCRIPTION ="" EXPRESSION ="ZIP" EXPRESSIONTYPE ="GENERAL" NAME ="ZIP" PICTURETEXT ="" PORTTYPE ="INPUT/OUTPUT" PRECISION ="5" SCALE ="0"/>
            <TABLEATTRIBUTE NAME ="Tracing Level" VALUE ="Normal"/>
        </TRANSFORMATION>
        <TRANSFORMATION DESCRIPTION ="" NAME ="SQ_Group" OBJECTVERSION ="1" REUSABLE ="NO" TYPE ="Source Qualifier" VERSIONNUMBER ="1">
            <TRANSFORMFIELD DATATYPE ="decimal" DEFAULTVALUE ="" DESCRIPTION ="" NAME ="GROUP_ID" PICTURETEXT ="" PORTTYPE ="INPUT/OUTPUT" PRECISION ="5" SCALE ="0"/>
            <TRANSFORMFIELD DATATYPE ="string" DEFAULTVALUE ="" DESCRIPTION ="" NAME ="GROUP_NAME" PICTURETEXT ="" PORTTYPE ="INPUT/OUTPUT" PRECISION ="11" SCALE ="0"/>
            <TRANSFORMFIELD DATATYPE ="string" DEFAULTVALUE ="" DESCRIPTION ="" NAME ="EFF_DT" PICTURETEXT ="" PORTTYPE ="INPUT/OUTPUT" PRECISION ="9" SCALE ="0"/>
            <TRANSFORMFIELD DATATYPE ="string" DEFAULTVALUE ="" DESCRIPTION ="" NAME ="TERM_DT" PICTURETEXT ="" PORTTYPE ="INPUT/OUTPUT" PRECISION ="10" SCALE ="0"/>
            <TRANSFORMFIELD DATATYPE ="string" DEFAULTVALUE ="" DESCRIPTION ="" NAME ="STREET" PICTURETEXT ="" PORTTYPE ="INPUT/OUTPUT" PRECISION ="9" SCALE ="0"/>
            <TRANSFORMFIELD DATATYPE ="string" DEFAULTVALUE ="" DESCRIPTION ="" NAME ="CITY" PICTURETEXT ="" PORTTYPE ="INPUT/OUTPUT" PRECISION ="9" SCALE ="0"/>
            <TRANSFORMFIELD DATATYPE ="string" DEFAULTVALUE ="" DESCRIPTION ="" NAME ="STATE" PICTURETEXT ="" PORTTYPE ="INPUT/OUTPUT" PRECISION ="8" SCALE ="0"/>
            <TRANSFORMFIELD DATATYPE ="decimal" DEFAULTVALUE ="" DESCRIPTION ="" NAME ="ZIP" PICTURETEXT ="" PORTTYPE ="INPUT/OUTPUT" PRECISION ="5" SCALE ="0"/>
            <TABLEATTRIBUTE NAME ="Sql Query" VALUE =""/>
            <TABLEATTRIBUTE NAME ="User Defined Join" VALUE =""/>
            <TABLEATTRIBUTE NAME ="Source Filter" VALUE =""/>
            <TABLEATTRIBUTE NAME ="Number Of Sorted Ports" VALUE ="0"/>
            <TABLEATTRIBUTE NAME ="Tracing Level" VALUE ="Normal"/>
            <TABLEATTRIBUTE NAME ="Select Distinct" VALUE ="NO"/>
            <TABLEATTRIBUTE NAME ="Is Partitionable" VALUE ="NO"/>
            <TABLEATTRIBUTE NAME ="Pre SQL" VALUE =""/>
            <TABLEATTRIBUTE NAME ="Post SQL" VALUE =""/>
            <TABLEATTRIBUTE NAME ="Output is deterministic" VALUE ="NO"/>
            <TABLEATTRIBUTE NAME ="Output is repeatable" VALUE ="Never"/>
        </TRANSFORMATION>
        <TRANSFORMATION DESCRIPTION ="" NAME ="SQ_Group_Fixed_2387336" OBJECTVERSION ="1" REUSABLE ="NO" TYPE ="Source Qualifier" VERSIONNUMBER ="1">
            <TRANSFORMFIELD DATATYPE ="decimal" DEFAULTVALUE ="" DESCRIPTION ="" NAME ="GROUP_ID" PICTURETEXT ="" PORTTYPE ="INPUT/OUTPUT" PRECISION ="8" SCALE ="0"/>
            <TRANSFORMFIELD DATATYPE ="string" DEFAULTVALUE ="" DESCRIPTION ="" NAME ="GROUP_NAME" PICTURETEXT ="" PORTTYPE ="INPUT/OUTPUT" PRECISION ="16" SCALE ="0"/>
            <TRANSFORMFIELD DATATYPE ="string" DEFAULTVALUE ="" DESCRIPTION ="" NAME ="EFF_DT" PICTURETEXT ="" PORTTYPE ="INPUT/OUTPUT" PRECISION ="10" SCALE ="0"/>
            <TRANSFORMFIELD DATATYPE ="string" DEFAULTVALUE ="" DESCRIPTION ="" NAME ="TERM_DT" PICTURETEXT ="" PORTTYPE ="INPUT/OUTPUT" PRECISION ="10" SCALE ="0"/>
            <TRANSFORMFIELD DATATYPE ="string" DEFAULTVALUE ="" DESCRIPTION ="" NAME ="STREET" PICTURETEXT ="" PORTTYPE ="INPUT/OUTPUT" PRECISION ="20" SCALE ="0"/>
            <TRANSFORMFIELD DATATYPE ="string" DEFAULTVALUE ="" DESCRIPTION ="" NAME ="CITY" PICTURETEXT ="" PORTTYPE ="INPUT/OUTPUT" PRECISION ="16" SCALE ="0"/>
            <TRANSFORMFIELD DATATYPE ="string" DEFAULTVALUE ="" DESCRIPTION ="" NAME ="STATE" PICTURETEXT ="" PORTTYPE ="INPUT/OUTPUT" PRECISION ="16" SCALE ="0"/>
            <TRANSFORMFIELD DATATYPE ="decimal" DEFAULTVALUE ="" DESCRIPTION ="" NAME ="ZIP" PICTURETEXT ="" PORTTYPE ="INPUT/OUTPUT" PRECISION ="5" SCALE ="0"/>
            <TABLEATTRIBUTE NAME ="Sql Query" VALUE =""/>
            <TABLEATTRIBUTE NAME ="User Defined Join" VALUE =""/>
            <TABLEATTRIBUTE NAME ="Source Filter" VALUE =""/>
            <TABLEATTRIBUTE NAME ="Number Of Sorted Ports" VALUE ="0"/>
            <TABLEATTRIBUTE NAME ="Tracing Level" VALUE ="Normal"/>
            <TABLEATTRIBUTE NAME ="Select Distinct" VALUE ="NO"/>
            <TABLEATTRIBUTE NAME ="Is Partitionable" VALUE ="NO"/>
            <TABLEATTRIBUTE NAME ="Pre SQL" VALUE =""/>
            <TABLEATTRIBUTE NAME ="Post SQL" VALUE =""/>
            <TABLEATTRIBUTE NAME ="Output is deterministic" VALUE ="NO"/>
            <TABLEATTRIBUTE NAME ="Output is repeatable" VALUE ="Never"/>
        </TRANSFORMATION>
        <TRANSFORMATION DESCRIPTION ="" NAME ="SEQTRANS" OBJECTVERSION ="1" REUSABLE ="NO" TYPE ="Sequence" VERSIONNUMBER ="1">
            <TRANSFORMFIELD DATATYPE ="bigint" DEFAULTVALUE ="ERROR(&apos;transformation error&apos;)" DESCRIPTION ="" NAME ="NEXTVAL" PICTURETEXT ="" PORTTYPE ="OUTPUT" PRECISION ="19" SCALE ="0"/>
            <TRANSFORMFIELD DATATYPE ="bigint" DEFAULTVALUE ="ERROR(&apos;transformation error&apos;)" DESCRIPTION ="" NAME ="CURRVAL" PICTURETEXT ="" PORTTYPE ="OUTPUT" PRECISION ="19" SCALE ="0"/>
            <TABLEATTRIBUTE NAME ="Start Value" VALUE ="1"/>
            <TABLEATTRIBUTE NAME ="Increment By" VALUE ="1"/>
            <TABLEATTRIBUTE NAME ="End Value" VALUE ="9223372036854775807"/>
            <TABLEATTRIBUTE NAME ="Current Value" VALUE ="1"/>
            <TABLEATTRIBUTE NAME ="Cycle" VALUE ="NO"/>
            <TABLEATTRIBUTE NAME ="Number of Cached Values" VALUE ="0"/>
            <TABLEATTRIBUTE NAME ="Reset" VALUE ="YES"/>
            <TABLEATTRIBUTE NAME ="Is Current Value Shared" VALUE ="NO"/>
            <TABLEATTRIBUTE NAME ="Tracing Level" VALUE ="Normal"/>
        </TRANSFORMATION>
        <TRANSFORMATION COMPONENTVERSION ="1000000" DESCRIPTION ="" NAME ="Union" OBJECTVERSION ="1" REUSABLE ="NO" TEMPLATEID ="303001" TEMPLATENAME ="Union Transformation" TYPE ="Custom Transformation" VERSIONNUMBER ="1">
            <GROUP DESCRIPTION ="" NAME ="OUTPUT" ORDER ="1" TYPE ="OUTPUT"/>
            <GROUP DESCRIPTION ="" NAME ="GROUP1" ORDER ="3" TYPE ="INPUT"/>
            <GROUP DESCRIPTION ="" NAME ="GROUP2" ORDER ="4" TYPE ="INPUT"/>
            <TRANSFORMFIELD DATATYPE ="decimal" DEFAULTVALUE ="" DESCRIPTION ="" GROUP ="OUTPUT" NAME ="GROUP_ID" OUTPUTGROUP ="OUTPUT" PICTURETEXT ="" PORTTYPE ="OUTPUT" PRECISION ="5" SCALE ="0"/>
            <TRANSFORMFIELD DATATYPE ="string" DEFAULTVALUE ="" DESCRIPTION ="" GROUP ="OUTPUT" NAME ="GROUP_NAME" OUTPUTGROUP ="OUTPUT" PICTURETEXT ="" PORTTYPE ="OUTPUT" PRECISION ="11" SCALE ="0"/>
            <TRANSFORMFIELD DATATYPE ="string" DEFAULTVALUE ="" DESCRIPTION ="" GROUP ="OUTPUT" NAME ="EFF_DT" OUTPUTGROUP ="OUTPUT" PICTURETEXT ="" PORTTYPE ="OUTPUT" PRECISION ="9" SCALE ="0"/>
            <TRANSFORMFIELD DATATYPE ="string" DEFAULTVALUE ="" DESCRIPTION ="" GROUP ="OUTPUT" NAME ="TERM_DT" OUTPUTGROUP ="OUTPUT" PICTURETEXT ="" PORTTYPE ="OUTPUT" PRECISION ="10" SCALE ="0"/>
            <TRANSFORMFIELD DATATYPE ="string" DEFAULTVALUE ="" DESCRIPTION ="" GROUP ="OUTPUT" NAME ="STREET" OUTPUTGROUP ="OUTPUT" PICTURETEXT ="" PORTTYPE ="OUTPUT" PRECISION ="9" SCALE ="0"/>
            <TRANSFORMFIELD DATATYPE ="string" DEFAULTVALUE ="" DESCRIPTION ="" GROUP ="OUTPUT" NAME ="CITY" OUTPUTGROUP ="OUTPUT" PICTURETEXT ="" PORTTYPE ="OUTPUT" PRECISION ="9" SCALE ="0"/>
            <TRANSFORMFIELD DATATYPE ="string" DEFAULTVALUE ="" DESCRIPTION ="" GROUP ="OUTPUT" NAME ="STATE" OUTPUTGROUP ="OUTPUT" PICTURETEXT ="" PORTTYPE ="OUTPUT" PRECISION ="8" SCALE ="0"/>
            <TRANSFORMFIELD DATATYPE ="decimal" DEFAULTVALUE ="" DESCRIPTION ="" GROUP ="OUTPUT" NAME ="ZIP" OUTPUTGROUP ="OUTPUT" PICTURETEXT ="" PORTTYPE ="OUTPUT" PRECISION ="5" SCALE ="0"/>
            <TRANSFORMFIELD DATATYPE ="decimal" DEFAULTVALUE ="" DESCRIPTION ="" GROUP ="GROUP1" NAME ="GROUP_ID2" OUTPUTGROUP ="GROUP1" PICTURETEXT ="" PORTTYPE ="INPUT" PRECISION ="5" SCALE ="0"/>
            <TRANSFORMFIELD DATATYPE ="string" DEFAULTVALUE ="" DESCRIPTION ="" GROUP ="GROUP1" NAME ="GROUP_NAME2" OUTPUTGROUP ="GROUP1" PICTURETEXT ="" PORTTYPE ="INPUT" PRECISION ="11" SCALE ="0"/>
            <TRANSFORMFIELD DATATYPE ="string" DEFAULTVALUE ="" DESCRIPTION ="" GROUP ="GROUP1" NAME ="EFF_DT2" OUTPUTGROUP ="GROUP1" PICTURETEXT ="" PORTTYPE ="INPUT" PRECISION ="9" SCALE ="0"/>
            <TRANSFORMFIELD DATATYPE ="string" DEFAULTVALUE ="" DESCRIPTION ="" GROUP ="GROUP1" NAME ="TERM_DT2" OUTPUTGROUP ="GROUP1" PICTURETEXT ="" PORTTYPE ="INPUT" PRECISION ="10" SCALE ="0"/>
            <TRANSFORMFIELD DATATYPE ="string" DEFAULTVALUE ="" DESCRIPTION ="" GROUP ="GROUP1" NAME ="STREET2" OUTPUTGROUP ="GROUP1" PICTURETEXT ="" PORTTYPE ="INPUT" PRECISION ="9" SCALE ="0"/>
            <TRANSFORMFIELD DATATYPE ="string" DEFAULTVALUE ="" DESCRIPTION ="" GROUP ="GROUP1" NAME ="CITY2" OUTPUTGROUP ="GROUP1" PICTURETEXT ="" PORTTYPE ="INPUT" PRECISION ="9" SCALE ="0"/>
            <TRANSFORMFIELD DATATYPE ="string" DEFAULTVALUE ="" DESCRIPTION ="" GROUP ="GROUP1" NAME ="STATE2" OUTPUTGROUP ="GROUP1" PICTURETEXT ="" PORTTYPE ="INPUT" PRECISION ="8" SCALE ="0"/>
            <TRANSFORMFIELD DATATYPE ="decimal" DEFAULTVALUE ="" DESCRIPTION ="" GROUP ="GROUP1" NAME ="ZIP2" OUTPUTGROUP ="GROUP1" PICTURETEXT ="" PORTTYPE ="INPUT" PRECISION ="5" SCALE ="0"/>
            <TRANSFORMFIELD DATATYPE ="decimal" DEFAULTVALUE ="" DESCRIPTION ="" GROUP ="GROUP2" NAME ="GROUP_ID3" OUTPUTGROUP ="GROUP2" PICTURETEXT ="" PORTTYPE ="INPUT" PRECISION ="5" SCALE ="0"/>
            <TRANSFORMFIELD DATATYPE ="string" DEFAULTVALUE ="" DESCRIPTION ="" GROUP ="GROUP2" NAME ="GROUP_NAME3" OUTPUTGROUP ="GROUP2" PICTURETEXT ="" PORTTYPE ="INPUT" PRECISION ="11" SCALE ="0"/>
            <TRANSFORMFIELD DATATYPE ="string" DEFAULTVALUE ="" DESCRIPTION ="" GROUP ="GROUP2" NAME ="EFF_DT3" OUTPUTGROUP ="GROUP2" PICTURETEXT ="" PORTTYPE ="INPUT" PRECISION ="9" SCALE ="0"/>
            <TRANSFORMFIELD DATATYPE ="string" DEFAULTVALUE ="" DESCRIPTION ="" GROUP ="GROUP2" NAME ="TERM_DT3" OUTPUTGROUP ="GROUP2" PICTURETEXT ="" PORTTYPE ="INPUT" PRECISION ="10" SCALE ="0"/>
            <TRANSFORMFIELD DATATYPE ="string" DEFAULTVALUE ="" DESCRIPTION ="" GROUP ="GROUP2" NAME ="STREET3" OUTPUTGROUP ="GROUP2" PICTURETEXT ="" PORTTYPE ="INPUT" PRECISION ="9" SCALE ="0"/>
            <TRANSFORMFIELD DATATYPE ="string" DEFAULTVALUE ="" DESCRIPTION ="" GROUP ="GROUP2" NAME ="CITY3" OUTPUTGROUP ="GROUP2" PICTURETEXT ="" PORTTYPE ="INPUT" PRECISION ="9" SCALE ="0"/>
            <TRANSFORMFIELD DATATYPE ="string" DEFAULTVALUE ="" DESCRIPTION ="" GROUP ="GROUP2" NAME ="STATE3" OUTPUTGROUP ="GROUP2" PICTURETEXT ="" PORTTYPE ="INPUT" PRECISION ="8" SCALE ="0"/>
            <TRANSFORMFIELD DATATYPE ="decimal" DEFAULTVALUE ="" DESCRIPTION ="" GROUP ="GROUP2" NAME ="ZIP3" OUTPUTGROUP ="GROUP2" PICTURETEXT ="" PORTTYPE ="INPUT" PRECISION ="5" SCALE ="0"/>
            <TABLEATTRIBUTE NAME ="Language" VALUE ="C"/>
            <TABLEATTRIBUTE NAME ="Module Identifier" VALUE ="pmuniontrans"/>
            <TABLEATTRIBUTE NAME ="Class Name" VALUE =""/>
            <TABLEATTRIBUTE NAME ="Function Identifier" VALUE ="pmunionfunc"/>
            <TABLEATTRIBUTE NAME ="Runtime Location" VALUE =""/>
            <TABLEATTRIBUTE NAME ="Tracing Level" VALUE ="Normal"/>
            <TABLEATTRIBUTE NAME ="Is Partitionable" VALUE ="Across Grid"/>
            <TABLEATTRIBUTE NAME ="Inputs Must Block" VALUE ="NO"/>
            <TABLEATTRIBUTE NAME ="Is Active" VALUE ="YES"/>
            <TABLEATTRIBUTE NAME ="Update Strategy Transformation" VALUE ="NO"/>
            <TABLEATTRIBUTE NAME ="Transformation Scope" VALUE ="Row"/>
            <TABLEATTRIBUTE NAME ="Generate Transaction" VALUE ="NO"/>
            <TABLEATTRIBUTE NAME ="Output Is Repeatable" VALUE ="Never"/>
            <TABLEATTRIBUTE NAME ="Requires Single Thread Per Partition" VALUE ="NO"/>
            <TABLEATTRIBUTE NAME ="Output Is Deterministic" VALUE ="YES"/>
            <TABLEATTRIBUTE NAME ="Preserves Data Set Boundary" VALUE ="No"/>
            <INITPROP DESCRIPTION ="" NAME ="Programmatic Identifier for Class Factory" USERDEFINED ="NO" VALUE =""/>
            <INITPROP DESCRIPTION ="" NAME ="Constructor" USERDEFINED ="NO" VALUE =""/>
            <FIELDDEPENDENCY INPUTFIELD ="GROUP_ID2" OUTPUTFIELD ="GROUP_ID"/>
            <FIELDDEPENDENCY INPUTFIELD ="GROUP_ID3" OUTPUTFIELD ="GROUP_ID"/>
            <FIELDDEPENDENCY INPUTFIELD ="GROUP_NAME2" OUTPUTFIELD ="GROUP_NAME"/>
            <FIELDDEPENDENCY INPUTFIELD ="GROUP_NAME3" OUTPUTFIELD ="GROUP_NAME"/>
            <FIELDDEPENDENCY INPUTFIELD ="EFF_DT2" OUTPUTFIELD ="EFF_DT"/>
            <FIELDDEPENDENCY INPUTFIELD ="EFF_DT3" OUTPUTFIELD ="EFF_DT"/>
            <FIELDDEPENDENCY INPUTFIELD ="TERM_DT2" OUTPUTFIELD ="TERM_DT"/>
            <FIELDDEPENDENCY INPUTFIELD ="TERM_DT3" OUTPUTFIELD ="TERM_DT"/>
            <FIELDDEPENDENCY INPUTFIELD ="STREET2" OUTPUTFIELD ="STREET"/>
            <FIELDDEPENDENCY INPUTFIELD ="STREET3" OUTPUTFIELD ="STREET"/>
            <FIELDDEPENDENCY INPUTFIELD ="CITY2" OUTPUTFIELD ="CITY"/>
            <FIELDDEPENDENCY INPUTFIELD ="CITY3" OUTPUTFIELD ="CITY"/>
            <FIELDDEPENDENCY INPUTFIELD ="STATE2" OUTPUTFIELD ="STATE"/>
            <FIELDDEPENDENCY INPUTFIELD ="STATE3" OUTPUTFIELD ="STATE"/>
            <FIELDDEPENDENCY INPUTFIELD ="ZIP2" OUTPUTFIELD ="ZIP"/>
            <FIELDDEPENDENCY INPUTFIELD ="ZIP3" OUTPUTFIELD ="ZIP"/>
        </TRANSFORMATION>
        <TRANSFORMATION DESCRIPTION ="" NAME ="SRTTRANS" OBJECTVERSION ="1" REUSABLE ="NO" TYPE ="Sorter" VERSIONNUMBER ="1">
            <TRANSFORMFIELD DATATYPE ="decimal" DEFAULTVALUE ="" DESCRIPTION ="" ISSORTKEY ="YES" NAME ="GROUP_ID" PICTURETEXT ="" PORTTYPE ="INPUT/OUTPUT" PRECISION ="5" SCALE ="0" SORTDIRECTION ="ASCENDING"/>
            <TRANSFORMFIELD DATATYPE ="string" DEFAULTVALUE ="" DESCRIPTION ="" ISSORTKEY ="YES" NAME ="GROUP_NAME" PICTURETEXT ="" PORTTYPE ="INPUT/OUTPUT" PRECISION ="11" SCALE ="0" SORTDIRECTION ="ASCENDING"/>
            <TRANSFORMFIELD DATATYPE ="string" DEFAULTVALUE ="" DESCRIPTION ="" ISSORTKEY ="YES" NAME ="EFF_DT" PICTURETEXT ="" PORTTYPE ="INPUT/OUTPUT" PRECISION ="10" SCALE ="0" SORTDIRECTION ="ASCENDING"/>
            <TRANSFORMFIELD DATATYPE ="string" DEFAULTVALUE ="" DESCRIPTION ="" ISSORTKEY ="YES" NAME ="TERM_DT" PICTURETEXT ="" PORTTYPE ="INPUT/OUTPUT" PRECISION ="10" SCALE ="0" SORTDIRECTION ="ASCENDING"/>
            <TRANSFORMFIELD DATATYPE ="string" DEFAULTVALUE ="" DESCRIPTION ="" ISSORTKEY ="YES" NAME ="STREET" PICTURETEXT ="" PORTTYPE ="INPUT/OUTPUT" PRECISION ="9" SCALE ="0" SORTDIRECTION ="ASCENDING"/>
            <TRANSFORMFIELD DATATYPE ="string" DEFAULTVALUE ="" DESCRIPTION ="" ISSORTKEY ="YES" NAME ="CITY" PICTURETEXT ="" PORTTYPE ="INPUT/OUTPUT" PRECISION ="9" SCALE ="0" SORTDIRECTION ="ASCENDING"/>
            <TRANSFORMFIELD DATATYPE ="string" DEFAULTVALUE ="" DESCRIPTION ="" ISSORTKEY ="YES" NAME ="STATE" PICTURETEXT ="" PORTTYPE ="INPUT/OUTPUT" PRECISION ="8" SCALE ="0" SORTDIRECTION ="ASCENDING"/>
            <TRANSFORMFIELD DATATYPE ="decimal" DEFAULTVALUE ="" DESCRIPTION ="" ISSORTKEY ="YES" NAME ="ZIP" PICTURETEXT ="" PORTTYPE ="INPUT/OUTPUT" PRECISION ="5" SCALE ="0" SORTDIRECTION ="ASCENDING"/>
            <TABLEATTRIBUTE NAME ="Sorter Cache Size" VALUE ="Auto"/>
            <TABLEATTRIBUTE NAME ="Case Sensitive" VALUE ="YES"/>
            <TABLEATTRIBUTE NAME ="Work Directory" VALUE ="$PMTempDir"/>
            <TABLEATTRIBUTE NAME ="Distinct" VALUE ="YES"/>
            <TABLEATTRIBUTE NAME ="Tracing Level" VALUE ="Normal"/>
            <TABLEATTRIBUTE NAME ="Null Treated Low" VALUE ="NO"/>
            <TABLEATTRIBUTE NAME ="Merge Only" VALUE ="NO"/>
            <TABLEATTRIBUTE NAME ="Partitioning" VALUE ="Order records for individual partitions"/>
            <TABLEATTRIBUTE NAME ="Transformation Scope" VALUE ="All Input"/>
        </TRANSFORMATION>
        <TRANSFORMATION DESCRIPTION ="" NAME ="EXPTRANS" OBJECTVERSION ="1" REUSABLE ="NO" TYPE ="Expression" VERSIONNUMBER ="1">
            <TRANSFORMFIELD DATATYPE ="string" DEFAULTVALUE ="ERROR(&apos;transformation error&apos;)" DESCRIPTION ="" EXPRESSION ="LTRIM(RTRIM(GROUP_NAME))&#xD;&#xA; " EXPRESSIONTYPE ="GENERAL" NAME ="GRP_NAME" PICTURETEXT ="" PORTTYPE ="OUTPUT" PRECISION ="11" SCALE ="0"/>
            <TRANSFORMFIELD DATATYPE ="string" DEFAULTVALUE ="" DESCRIPTION ="" EXPRESSION ="LTRIM(RTRIM(EFF_DT))" EXPRESSIONTYPE ="GENERAL" NAME ="E_DT" PICTURETEXT ="" PORTTYPE ="OUTPUT" PRECISION ="29" SCALE ="0"/>
            <TRANSFORMFIELD DATATYPE ="string" DEFAULTVALUE ="" DESCRIPTION ="" EXPRESSION ="LTRIM(RTRIM(TERM_DT))" EXPRESSIONTYPE ="GENERAL" NAME ="T_DT" PICTURETEXT ="" PORTTYPE ="OUTPUT" PRECISION ="29" SCALE ="0"/>
            <TRANSFORMFIELD DATATYPE ="string" DEFAULTVALUE ="ERROR(&apos;transformation error&apos;)" DESCRIPTION ="" EXPRESSION ="LTRIM(RTRIM(STREET))&#xD;&#xA; " EXPRESSIONTYPE ="GENERAL" NAME ="STR" PICTURETEXT ="" PORTTYPE ="OUTPUT" PRECISION ="9" SCALE ="0"/>
            <TRANSFORMFIELD DATATYPE ="string" DEFAULTVALUE ="ERROR(&apos;transformation error&apos;)" DESCRIPTION ="" EXPRESSION ="LTRIM(RTRIM(CITY))&#xD;&#xA; " EXPRESSIONTYPE ="GENERAL" NAME ="CIT" PICTURETEXT ="" PORTTYPE ="OUTPUT" PRECISION ="9" SCALE ="0"/>
            <TRANSFORMFIELD DATATYPE ="string" DEFAULTVALUE ="ERROR(&apos;transformation error&apos;)" DESCRIPTION ="" EXPRESSION ="LTRIM(RTRIM(STATE))&#xD;&#xA; " EXPRESSIONTYPE ="GENERAL" NAME ="STA" PICTURETEXT ="" PORTTYPE ="OUTPUT" PRECISION ="8" SCALE ="0"/>
            <TRANSFORMFIELD DATATYPE ="decimal" DEFAULTVALUE ="" DESCRIPTION ="" EXPRESSION ="GROUP_ID" EXPRESSIONTYPE ="GENERAL" NAME ="GROUP_ID" PICTURETEXT ="" PORTTYPE ="INPUT/OUTPUT" PRECISION ="5" SCALE ="0"/>
            <TRANSFORMFIELD DATATYPE ="string" DEFAULTVALUE ="" DESCRIPTION ="" NAME ="GROUP_NAME" PICTURETEXT ="" PORTTYPE ="INPUT" PRECISION ="11" SCALE ="0"/>
            <TRANSFORMFIELD DATATYPE ="string" DEFAULTVALUE ="" DESCRIPTION ="" NAME ="EFF_DT" PICTURETEXT ="" PORTTYPE ="INPUT" PRECISION ="9" SCALE ="0"/>
            <TRANSFORMFIELD DATATYPE ="string" DEFAULTVALUE ="" DESCRIPTION ="" NAME ="TERM_DT" PICTURETEXT ="" PORTTYPE ="INPUT" PRECISION ="10" SCALE ="0"/>
            <TRANSFORMFIELD DATATYPE ="string" DEFAULTVALUE ="" DESCRIPTION ="" NAME ="STREET" PICTURETEXT ="" PORTTYPE ="INPUT" PRECISION ="9" SCALE ="0"/>
            <TRANSFORMFIELD DATATYPE ="string" DEFAULTVALUE ="" DESCRIPTION ="" NAME ="CITY" PICTURETEXT ="" PORTTYPE ="INPUT" PRECISION ="9" SCALE ="0"/>
            <TRANSFORMFIELD DATATYPE ="string" DEFAULTVALUE ="" DESCRIPTION ="" NAME ="STATE" PICTURETEXT ="" PORTTYPE ="INPUT" PRECISION ="8" SCALE ="0"/>
            <TRANSFORMFIELD DATATYPE ="decimal" DEFAULTVALUE ="" DESCRIPTION ="" EXPRESSION ="ZIP" EXPRESSIONTYPE ="GENERAL" NAME ="ZIP" PICTURETEXT ="" PORTTYPE ="INPUT/OUTPUT" PRECISION ="5" SCALE ="0"/>
            <TABLEATTRIBUTE NAME ="Tracing Level" VALUE ="Normal"/>
        </TRANSFORMATION>
        <TRANSFORMATION DESCRIPTION ="" NAME ="EXPTRANS2" OBJECTVERSION ="1" REUSABLE ="NO" TYPE ="Expression" VERSIONNUMBER ="1">
            <TRANSFORMFIELD DATATYPE ="decimal" DEFAULTVALUE ="" DESCRIPTION ="" NAME ="GROUP_ID" PICTURETEXT ="" PORTTYPE ="INPUT" PRECISION ="5" SCALE ="0"/>
            <TRANSFORMFIELD DATATYPE ="string" DEFAULTVALUE ="ERROR(&apos;transformation error&apos;)" DESCRIPTION ="" EXPRESSION ="LPAD(GROUP_ID, 8, &apos;0&apos;)" EXPRESSIONTYPE ="GENERAL" NAME ="o_GROUP_ID" PICTURETEXT ="" PORTTYPE ="OUTPUT" PRECISION ="8" SCALE ="0"/>
            <TRANSFORMFIELD DATATYPE ="string" DEFAULTVALUE ="" DESCRIPTION ="" EXPRESSION ="GROUP_NAME" EXPRESSIONTYPE ="GENERAL" NAME ="GROUP_NAME" PICTURETEXT ="" PORTTYPE ="INPUT/OUTPUT" PRECISION ="11" SCALE ="0"/>
            <TRANSFORMFIELD DATATYPE ="string" DEFAULTVALUE ="" DESCRIPTION ="" NAME ="EFF_DT" PICTURETEXT ="" PORTTYPE ="INPUT" PRECISION ="10" SCALE ="0"/>
            <TRANSFORMFIELD DATATYPE ="date/time" DEFAULTVALUE ="ERROR(&apos;transformation error&apos;)" DESCRIPTION ="" EXPRESSION ="TO_DATE(EFF_DT, &apos;MM/DD/YYYY&apos;)" EXPRESSIONTYPE ="GENERAL" NAME ="E_DT" PICTURETEXT ="" PORTTYPE ="OUTPUT" PRECISION ="29" SCALE ="9"/>
            <TRANSFORMFIELD DATATYPE ="date/time" DEFAULTVALUE ="ERROR(&apos;transformation error&apos;)" DESCRIPTION ="" EXPRESSION ="TO_DATE(TERM_DT, &apos;MM/DD/YYYY&apos;)" EXPRESSIONTYPE ="GENERAL" NAME ="T_DT" PICTURETEXT ="" PORTTYPE ="OUTPUT" PRECISION ="29" SCALE ="9"/>
            <TRANSFORMFIELD DATATYPE ="string" DEFAULTVALUE ="" DESCRIPTION ="" NAME ="TERM_DT" PICTURETEXT ="" PORTTYPE ="INPUT" PRECISION ="10" SCALE ="0"/>
            <TRANSFORMFIELD DATATYPE ="string" DEFAULTVALUE ="" DESCRIPTION ="" EXPRESSION ="STREET" EXPRESSIONTYPE ="GENERAL" NAME ="STREET" PICTURETEXT ="" PORTTYPE ="INPUT/OUTPUT" PRECISION ="9" SCALE ="0"/>
            <TRANSFORMFIELD DATATYPE ="string" DEFAULTVALUE ="" DESCRIPTION ="" EXPRESSION ="CITY" EXPRESSIONTYPE ="GENERAL" NAME ="CITY" PICTURETEXT ="" PORTTYPE ="INPUT/OUTPUT" PRECISION ="9" SCALE ="0"/>
            <TRANSFORMFIELD DATATYPE ="string" DEFAULTVALUE ="" DESCRIPTION ="" EXPRESSION ="STATE" EXPRESSIONTYPE ="GENERAL" NAME ="STATE" PICTURETEXT ="" PORTTYPE ="INPUT/OUTPUT" PRECISION ="8" SCALE ="0"/>
            <TRANSFORMFIELD DATATYPE ="decimal" DEFAULTVALUE ="" DESCRIPTION ="" EXPRESSION ="ZIP" EXPRESSIONTYPE ="GENERAL" NAME ="ZIP" PICTURETEXT ="" PORTTYPE ="INPUT/OUTPUT" PRECISION ="5" SCALE ="0"/>
            <TRANSFORMFIELD DATATYPE ="date/time" DEFAULTVALUE ="ERROR(&apos;transformation error&apos;)" DESCRIPTION ="" EXPRESSION ="TO_DATE(&apos;5/1/2015&apos;, &apos;MM/DD/YYYY&apos;)" EXPRESSIONTYPE ="GENERAL" NAME ="CURRENT_DATE" PICTURETEXT ="" PORTTYPE ="OUTPUT" PRECISION ="29" SCALE ="9"/>
            <TABLEATTRIBUTE NAME ="Tracing Level" VALUE ="Normal"/>
        </TRANSFORMATION>
        <TRANSFORMATION DESCRIPTION ="" NAME ="FILTRANS" OBJECTVERSION ="1" REUSABLE ="NO" TYPE ="Filter" VERSIONNUMBER ="1">
            <TRANSFORMFIELD DATATYPE ="string" DEFAULTVALUE ="" DESCRIPTION ="" NAME ="o_GROUP_ID" PICTURETEXT ="" PORTTYPE ="INPUT/OUTPUT" PRECISION ="8" SCALE ="0"/>
            <TRANSFORMFIELD DATATYPE ="string" DEFAULTVALUE ="" DESCRIPTION ="" NAME ="GROUP_NAME" PICTURETEXT ="" PORTTYPE ="INPUT/OUTPUT" PRECISION ="11" SCALE ="0"/>
            <TRANSFORMFIELD DATATYPE ="date/time" DEFAULTVALUE ="" DESCRIPTION ="" NAME ="E_DT" PICTURETEXT ="" PORTTYPE ="INPUT/OUTPUT" PRECISION ="29" SCALE ="9"/>
            <TRANSFORMFIELD DATATYPE ="date/time" DEFAULTVALUE ="" DESCRIPTION ="" NAME ="T_DT" PICTURETEXT ="" PORTTYPE ="INPUT/OUTPUT" PRECISION ="29" SCALE ="9"/>
            <TRANSFORMFIELD DATATYPE ="string" DEFAULTVALUE ="" DESCRIPTION ="" NAME ="STREET" PICTURETEXT ="" PORTTYPE ="INPUT/OUTPUT" PRECISION ="9" SCALE ="0"/>
            <TRANSFORMFIELD DATATYPE ="string" DEFAULTVALUE ="" DESCRIPTION ="" NAME ="CITY" PICTURETEXT ="" PORTTYPE ="INPUT/OUTPUT" PRECISION ="9" SCALE ="0"/>
            <TRANSFORMFIELD DATATYPE ="string" DEFAULTVALUE ="" DESCRIPTION ="" NAME ="STATE" PICTURETEXT ="" PORTTYPE ="INPUT/OUTPUT" PRECISION ="8" SCALE ="0"/>
            <TRANSFORMFIELD DATATYPE ="decimal" DEFAULTVALUE ="" DESCRIPTION ="" NAME ="ZIP" PICTURETEXT ="" PORTTYPE ="INPUT/OUTPUT" PRECISION ="5" SCALE ="0"/>
            <TRANSFORMFIELD DATATYPE ="date/time" DEFAULTVALUE ="" DESCRIPTION ="" NAME ="CURRENT_DATE" PICTURETEXT ="" PORTTYPE ="INPUT/OUTPUT" PRECISION ="29" SCALE ="9"/>
            <TABLEATTRIBUTE NAME ="Filter Condition" VALUE ="CURRENT_DATE &gt;= E_DT AND CURRENT_DATE &lt;= T_DT"/>
            <TABLEATTRIBUTE NAME ="Tracing Level" VALUE ="Normal"/>
        </TRANSFORMATION>
        <INSTANCE DESCRIPTION ="" NAME ="GROUP_2387336" TRANSFORMATION_NAME ="GROUP_2387336" TRANSFORMATION_TYPE ="Target Definition" TYPE ="TARGET"/>
        <INSTANCE DESCRIPTION ="" NAME ="EXPTRANS1" REUSABLE ="NO" TRANSFORMATION_NAME ="EXPTRANS1" TRANSFORMATION_TYPE ="Expression" TYPE ="TRANSFORMATION"/>
        <INSTANCE DBDNAME ="FlatFile" DESCRIPTION ="" NAME ="Group" TRANSFORMATION_NAME ="Group" TRANSFORMATION_TYPE ="Source Definition" TYPE ="SOURCE"/>
        <INSTANCE DESCRIPTION ="" NAME ="SQ_Group" REUSABLE ="NO" TRANSFORMATION_NAME ="SQ_Group" TRANSFORMATION_TYPE ="Source Qualifier" TYPE ="TRANSFORMATION">
            <ASSOCIATED_SOURCE_INSTANCE NAME ="Group"/>
        </INSTANCE>
        <INSTANCE DBDNAME ="FlatFile" DESCRIPTION ="" NAME ="Group_Fixed_2387336" TRANSFORMATION_NAME ="Group_Fixed_2387336" TRANSFORMATION_TYPE ="Source Definition" TYPE ="SOURCE"/>
        <INSTANCE DESCRIPTION ="" NAME ="SQ_Group_Fixed_2387336" REUSABLE ="NO" TRANSFORMATION_NAME ="SQ_Group_Fixed_2387336" TRANSFORMATION_TYPE ="Source Qualifier" TYPE ="TRANSFORMATION">
            <ASSOCIATED_SOURCE_INSTANCE NAME ="Group_Fixed_2387336"/>
        </INSTANCE>
        <INSTANCE DESCRIPTION ="" NAME ="SEQTRANS" REUSABLE ="NO" TRANSFORMATION_NAME ="SEQTRANS" TRANSFORMATION_TYPE ="Sequence" TYPE ="TRANSFORMATION"/>
        <INSTANCE DESCRIPTION ="" NAME ="Union" REUSABLE ="NO" TRANSFORMATION_NAME ="Union" TRANSFORMATION_TYPE ="Custom Transformation" TYPE ="TRANSFORMATION"/>
        <INSTANCE DESCRIPTION ="" NAME ="SRTTRANS" REUSABLE ="NO" TRANSFORMATION_NAME ="SRTTRANS" TRANSFORMATION_TYPE ="Sorter" TYPE ="TRANSFORMATION"/>
        <INSTANCE DESCRIPTION ="" NAME ="EXPTRANS" REUSABLE ="NO" TRANSFORMATION_NAME ="EXPTRANS" TRANSFORMATION_TYPE ="Expression" TYPE ="TRANSFORMATION"/>
        <INSTANCE DESCRIPTION ="" NAME ="EXPTRANS2" REUSABLE ="NO" TRANSFORMATION_NAME ="EXPTRANS2" TRANSFORMATION_TYPE ="Expression" TYPE ="TRANSFORMATION"/>
        <INSTANCE DESCRIPTION ="" NAME ="FILTRANS" REUSABLE ="NO" TRANSFORMATION_NAME ="FILTRANS" TRANSFORMATION_TYPE ="Filter" TYPE ="TRANSFORMATION"/>
        <CONNECTOR FROMFIELD ="o_GROUP_ID" FROMINSTANCE ="FILTRANS" FROMINSTANCETYPE ="Filter" TOFIELD ="GROUP_ID" TOINSTANCE ="GROUP_2387336" TOINSTANCETYPE ="Target Definition"/>
        <CONNECTOR FROMFIELD ="GROUP_NAME" FROMINSTANCE ="FILTRANS" FROMINSTANCETYPE ="Filter" TOFIELD ="GROUP_NAME" TOINSTANCE ="GROUP_2387336" TOINSTANCETYPE ="Target Definition"/>
        <CONNECTOR FROMFIELD ="E_DT" FROMINSTANCE ="FILTRANS" FROMINSTANCETYPE ="Filter" TOFIELD ="EFF_DT" TOINSTANCE ="GROUP_2387336" TOINSTANCETYPE ="Target Definition"/>
        <CONNECTOR FROMFIELD ="T_DT" FROMINSTANCE ="FILTRANS" FROMINSTANCETYPE ="Filter" TOFIELD ="TERM_DT" TOINSTANCE ="GROUP_2387336" TOINSTANCETYPE ="Target Definition"/>
        <CONNECTOR FROMFIELD ="STREET" FROMINSTANCE ="FILTRANS" FROMINSTANCETYPE ="Filter" TOFIELD ="STREET" TOINSTANCE ="GROUP_2387336" TOINSTANCETYPE ="Target Definition"/>
        <CONNECTOR FROMFIELD ="CITY" FROMINSTANCE ="FILTRANS" FROMINSTANCETYPE ="Filter" TOFIELD ="CITY" TOINSTANCE ="GROUP_2387336" TOINSTANCETYPE ="Target Definition"/>
        <CONNECTOR FROMFIELD ="STATE" FROMINSTANCE ="FILTRANS" FROMINSTANCETYPE ="Filter" TOFIELD ="STATE" TOINSTANCE ="GROUP_2387336" TOINSTANCETYPE ="Target Definition"/>
        <CONNECTOR FROMFIELD ="ZIP" FROMINSTANCE ="FILTRANS" FROMINSTANCETYPE ="Filter" TOFIELD ="ZIP" TOINSTANCE ="GROUP_2387336" TOINSTANCETYPE ="Target Definition"/>
        <CONNECTOR FROMFIELD ="NEXTVAL" FROMINSTANCE ="SEQTRANS" FROMINSTANCETYPE ="Sequence" TOFIELD ="GRP_SK" TOINSTANCE ="GROUP_2387336" TOINSTANCETYPE ="Target Definition"/>
        <CONNECTOR FROMFIELD ="GROUP_ID" FROMINSTANCE ="SQ_Group_Fixed_2387336" FROMINSTANCETYPE ="Source Qualifier" TOFIELD ="GROUP_ID" TOINSTANCE ="EXPTRANS1" TOINSTANCETYPE ="Expression"/>
        <CONNECTOR FROMFIELD ="GROUP_NAME" FROMINSTANCE ="SQ_Group_Fixed_2387336" FROMINSTANCETYPE ="Source Qualifier" TOFIELD ="GROUP_NAME" TOINSTANCE ="EXPTRANS1" TOINSTANCETYPE ="Expression"/>
        <CONNECTOR FROMFIELD ="EFF_DT" FROMINSTANCE ="SQ_Group_Fixed_2387336" FROMINSTANCETYPE ="Source Qualifier" TOFIELD ="EFF_DT" TOINSTANCE ="EXPTRANS1" TOINSTANCETYPE ="Expression"/>
        <CONNECTOR FROMFIELD ="TERM_DT" FROMINSTANCE ="SQ_Group_Fixed_2387336" FROMINSTANCETYPE ="Source Qualifier" TOFIELD ="TERM_DT" TOINSTANCE ="EXPTRANS1" TOINSTANCETYPE ="Expression"/>
        <CONNECTOR FROMFIELD ="STREET" FROMINSTANCE ="SQ_Group_Fixed_2387336" FROMINSTANCETYPE ="Source Qualifier" TOFIELD ="STREET" TOINSTANCE ="EXPTRANS1" TOINSTANCETYPE ="Expression"/>
        <CONNECTOR FROMFIELD ="CITY" FROMINSTANCE ="SQ_Group_Fixed_2387336" FROMINSTANCETYPE ="Source Qualifier" TOFIELD ="CITY" TOINSTANCE ="EXPTRANS1" TOINSTANCETYPE ="Expression"/>
        <CONNECTOR FROMFIELD ="STATE" FROMINSTANCE ="SQ_Group_Fixed_2387336" FROMINSTANCETYPE ="Source Qualifier" TOFIELD ="STATE" TOINSTANCE ="EXPTRANS1" TOINSTANCETYPE ="Expression"/>
        <CONNECTOR FROMFIELD ="ZIP" FROMINSTANCE ="SQ_Group_Fixed_2387336" FROMINSTANCETYPE ="Source Qualifier" TOFIELD ="ZIP" TOINSTANCE ="EXPTRANS1" TOINSTANCETYPE ="Expression"/>
        <CONNECTOR FROMFIELD ="GRP_NAME" FROMINSTANCE ="EXPTRANS1" FROMINSTANCETYPE ="Expression" TOFIELD ="GROUP_NAME3" TOINSTANCE ="Union" TOINSTANCETYPE ="Custom Transformation"/>
        <CONNECTOR FROMFIELD ="E_DT" FROMINSTANCE ="EXPTRANS1" FROMINSTANCETYPE ="Expression" TOFIELD ="EFF_DT3" TOINSTANCE ="Union" TOINSTANCETYPE ="Custom Transformation"/>
        <CONNECTOR FROMFIELD ="T_DT" FROMINSTANCE ="EXPTRANS1" FROMINSTANCETYPE ="Expression" TOFIELD ="TERM_DT3" TOINSTANCE ="Union" TOINSTANCETYPE ="Custom Transformation"/>
        <CONNECTOR FROMFIELD ="STR" FROMINSTANCE ="EXPTRANS1" FROMINSTANCETYPE ="Expression" TOFIELD ="STREET3" TOINSTANCE ="Union" TOINSTANCETYPE ="Custom Transformation"/>
        <CONNECTOR FROMFIELD ="CIT" FROMINSTANCE ="EXPTRANS1" FROMINSTANCETYPE ="Expression" TOFIELD ="CITY3" TOINSTANCE ="Union" TOINSTANCETYPE ="Custom Transformation"/>
        <CONNECTOR FROMFIELD ="STA" FROMINSTANCE ="EXPTRANS1" FROMINSTANCETYPE ="Expression" TOFIELD ="STATE3" TOINSTANCE ="Union" TOINSTANCETYPE ="Custom Transformation"/>
        <CONNECTOR FROMFIELD ="ZIP" FROMINSTANCE ="EXPTRANS1" FROMINSTANCETYPE ="Expression" TOFIELD ="ZIP3" TOINSTANCE ="Union" TOINSTANCETYPE ="Custom Transformation"/>
        <CONNECTOR FROMFIELD ="GROUP_ID" FROMINSTANCE ="EXPTRANS1" FROMINSTANCETYPE ="Expression" TOFIELD ="GROUP_ID3" TOINSTANCE ="Union" TOINSTANCETYPE ="Custom Transformation"/>
        <CONNECTOR FROMFIELD ="GROUP_ID" FROMINSTANCE ="Group" FROMINSTANCETYPE ="Source Definition" TOFIELD ="GROUP_ID" TOINSTANCE ="SQ_Group" TOINSTANCETYPE ="Source Qualifier"/>
        <CONNECTOR FROMFIELD ="GROUP_NAME" FROMINSTANCE ="Group" FROMINSTANCETYPE ="Source Definition" TOFIELD ="GROUP_NAME" TOINSTANCE ="SQ_Group" TOINSTANCETYPE ="Source Qualifier"/>
        <CONNECTOR FROMFIELD ="EFF_DT" FROMINSTANCE ="Group" FROMINSTANCETYPE ="Source Definition" TOFIELD ="EFF_DT" TOINSTANCE ="SQ_Group" TOINSTANCETYPE ="Source Qualifier"/>
        <CONNECTOR FROMFIELD ="TERM_DT" FROMINSTANCE ="Group" FROMINSTANCETYPE ="Source Definition" TOFIELD ="TERM_DT" TOINSTANCE ="SQ_Group" TOINSTANCETYPE ="Source Qualifier"/>
        <CONNECTOR FROMFIELD ="STREET" FROMINSTANCE ="Group" FROMINSTANCETYPE ="Source Definition" TOFIELD ="STREET" TOINSTANCE ="SQ_Group" TOINSTANCETYPE ="Source Qualifier"/>
        <CONNECTOR FROMFIELD ="CITY" FROMINSTANCE ="Group" FROMINSTANCETYPE ="Source Definition" TOFIELD ="CITY" TOINSTANCE ="SQ_Group" TOINSTANCETYPE ="Source Qualifier"/>
        <CONNECTOR FROMFIELD ="STATE" FROMINSTANCE ="Group" FROMINSTANCETYPE ="Source Definition" TOFIELD ="STATE" TOINSTANCE ="SQ_Group" TOINSTANCETYPE ="Source Qualifier"/>
        <CONNECTOR FROMFIELD ="ZIP" FROMINSTANCE ="Group" FROMINSTANCETYPE ="Source Definition" TOFIELD ="ZIP" TOINSTANCE ="SQ_Group" TOINSTANCETYPE ="Source Qualifier"/>
        <CONNECTOR FROMFIELD ="GROUP_ID" FROMINSTANCE ="SQ_Group" FROMINSTANCETYPE ="Source Qualifier" TOFIELD ="GROUP_ID" TOINSTANCE ="EXPTRANS" TOINSTANCETYPE ="Expression"/>
        <CONNECTOR FROMFIELD ="GROUP_NAME" FROMINSTANCE ="SQ_Group" FROMINSTANCETYPE ="Source Qualifier" TOFIELD ="GROUP_NAME" TOINSTANCE ="EXPTRANS" TOINSTANCETYPE ="Expression"/>
        <CONNECTOR FROMFIELD ="EFF_DT" FROMINSTANCE ="SQ_Group" FROMINSTANCETYPE ="Source Qualifier" TOFIELD ="EFF_DT" TOINSTANCE ="EXPTRANS" TOINSTANCETYPE ="Expression"/>
        <CONNECTOR FROMFIELD ="TERM_DT" FROMINSTANCE ="SQ_Group" FROMINSTANCETYPE ="Source Qualifier" TOFIELD ="TERM_DT" TOINSTANCE ="EXPTRANS" TOINSTANCETYPE ="Expression"/>
        <CONNECTOR FROMFIELD ="STREET" FROMINSTANCE ="SQ_Group" FROMINSTANCETYPE ="Source Qualifier" TOFIELD ="STREET" TOINSTANCE ="EXPTRANS" TOINSTANCETYPE ="Expression"/>
        <CONNECTOR FROMFIELD ="CITY" FROMINSTANCE ="SQ_Group" FROMINSTANCETYPE ="Source Qualifier" TOFIELD ="CITY" TOINSTANCE ="EXPTRANS" TOINSTANCETYPE ="Expression"/>
        <CONNECTOR FROMFIELD ="STATE" FROMINSTANCE ="SQ_Group" FROMINSTANCETYPE ="Source Qualifier" TOFIELD ="STATE" TOINSTANCE ="EXPTRANS" TOINSTANCETYPE ="Expression"/>
        <CONNECTOR FROMFIELD ="ZIP" FROMINSTANCE ="SQ_Group" FROMINSTANCETYPE ="Source Qualifier" TOFIELD ="ZIP" TOINSTANCE ="EXPTRANS" TOINSTANCETYPE ="Expression"/>
        <CONNECTOR FROMFIELD ="GROUP_ID" FROMINSTANCE ="Group_Fixed_2387336" FROMINSTANCETYPE ="Source Definition" TOFIELD ="GROUP_ID" TOINSTANCE ="SQ_Group_Fixed_2387336" TOINSTANCETYPE ="Source Qualifier"/>
        <CONNECTOR FROMFIELD ="GROUP_NAME" FROMINSTANCE ="Group_Fixed_2387336" FROMINSTANCETYPE ="Source Definition" TOFIELD ="GROUP_NAME" TOINSTANCE ="SQ_Group_Fixed_2387336" TOINSTANCETYPE ="Source Qualifier"/>
        <CONNECTOR FROMFIELD ="EFF_DT" FROMINSTANCE ="Group_Fixed_2387336" FROMINSTANCETYPE ="Source Definition" TOFIELD ="EFF_DT" TOINSTANCE ="SQ_Group_Fixed_2387336" TOINSTANCETYPE ="Source Qualifier"/>
        <CONNECTOR FROMFIELD ="TERM_DT" FROMINSTANCE ="Group_Fixed_2387336" FROMINSTANCETYPE ="Source Definition" TOFIELD ="TERM_DT" TOINSTANCE ="SQ_Group_Fixed_2387336" TOINSTANCETYPE ="Source Qualifier"/>
        <CONNECTOR FROMFIELD ="STREET" FROMINSTANCE ="Group_Fixed_2387336" FROMINSTANCETYPE ="Source Definition" TOFIELD ="STREET" TOINSTANCE ="SQ_Group_Fixed_2387336" TOINSTANCETYPE ="Source Qualifier"/>
        <CONNECTOR FROMFIELD ="CITY" FROMINSTANCE ="Group_Fixed_2387336" FROMINSTANCETYPE ="Source Definition" TOFIELD ="CITY" TOINSTANCE ="SQ_Group_Fixed_2387336" TOINSTANCETYPE ="Source Qualifier"/>
        <CONNECTOR FROMFIELD ="STATE" FROMINSTANCE ="Group_Fixed_2387336" FROMINSTANCETYPE ="Source Definition" TOFIELD ="STATE" TOINSTANCE ="SQ_Group_Fixed_2387336" TOINSTANCETYPE ="Source Qualifier"/>
        <CONNECTOR FROMFIELD ="ZIP" FROMINSTANCE ="Group_Fixed_2387336" FROMINSTANCETYPE ="Source Definition" TOFIELD ="ZIP" TOINSTANCE ="SQ_Group_Fixed_2387336" TOINSTANCETYPE ="Source Qualifier"/>
        <CONNECTOR FROMFIELD ="GRP_NAME" FROMINSTANCE ="EXPTRANS" FROMINSTANCETYPE ="Expression" TOFIELD ="GROUP_NAME2" TOINSTANCE ="Union" TOINSTANCETYPE ="Custom Transformation"/>
        <CONNECTOR FROMFIELD ="E_DT" FROMINSTANCE ="EXPTRANS" FROMINSTANCETYPE ="Expression" TOFIELD ="EFF_DT2" TOINSTANCE ="Union" TOINSTANCETYPE ="Custom Transformation"/>
        <CONNECTOR FROMFIELD ="T_DT" FROMINSTANCE ="EXPTRANS" FROMINSTANCETYPE ="Expression" TOFIELD ="TERM_DT2" TOINSTANCE ="Union" TOINSTANCETYPE ="Custom Transformation"/>
        <CONNECTOR FROMFIELD ="STR" FROMINSTANCE ="EXPTRANS" FROMINSTANCETYPE ="Expression" TOFIELD ="STREET2" TOINSTANCE ="Union" TOINSTANCETYPE ="Custom Transformation"/>
        <CONNECTOR FROMFIELD ="CIT" FROMINSTANCE ="EXPTRANS" FROMINSTANCETYPE ="Expression" TOFIELD ="CITY2" TOINSTANCE ="Union" TOINSTANCETYPE ="Custom Transformation"/>
        <CONNECTOR FROMFIELD ="STA" FROMINSTANCE ="EXPTRANS" FROMINSTANCETYPE ="Expression" TOFIELD ="STATE2" TOINSTANCE ="Union" TOINSTANCETYPE ="Custom Transformation"/>
        <CONNECTOR FROMFIELD ="ZIP" FROMINSTANCE ="EXPTRANS" FROMINSTANCETYPE ="Expression" TOFIELD ="ZIP2" TOINSTANCE ="Union" TOINSTANCETYPE ="Custom Transformation"/>
        <CONNECTOR FROMFIELD ="GROUP_ID" FROMINSTANCE ="EXPTRANS" FROMINSTANCETYPE ="Expression" TOFIELD ="GROUP_ID2" TOINSTANCE ="Union" TOINSTANCETYPE ="Custom Transformation"/>
        <CONNECTOR FROMFIELD ="GROUP_ID" FROMINSTANCE ="Union" FROMINSTANCETYPE ="Custom Transformation" TOFIELD ="GROUP_ID" TOINSTANCE ="SRTTRANS" TOINSTANCETYPE ="Sorter"/>
        <CONNECTOR FROMFIELD ="GROUP_NAME" FROMINSTANCE ="Union" FROMINSTANCETYPE ="Custom Transformation" TOFIELD ="GROUP_NAME" TOINSTANCE ="SRTTRANS" TOINSTANCETYPE ="Sorter"/>
        <CONNECTOR FROMFIELD ="EFF_DT" FROMINSTANCE ="Union" FROMINSTANCETYPE ="Custom Transformation" TOFIELD ="EFF_DT" TOINSTANCE ="SRTTRANS" TOINSTANCETYPE ="Sorter"/>
        <CONNECTOR FROMFIELD ="TERM_DT" FROMINSTANCE ="Union" FROMINSTANCETYPE ="Custom Transformation" TOFIELD ="TERM_DT" TOINSTANCE ="SRTTRANS" TOINSTANCETYPE ="Sorter"/>
        <CONNECTOR FROMFIELD ="STREET" FROMINSTANCE ="Union" FROMINSTANCETYPE ="Custom Transformation" TOFIELD ="STREET" TOINSTANCE ="SRTTRANS" TOINSTANCETYPE ="Sorter"/>
        <CONNECTOR FROMFIELD ="CITY" FROMINSTANCE ="Union" FROMINSTANCETYPE ="Custom Transformation" TOFIELD ="CITY" TOINSTANCE ="SRTTRANS" TOINSTANCETYPE ="Sorter"/>
        <CONNECTOR FROMFIELD ="STATE" FROMINSTANCE ="Union" FROMINSTANCETYPE ="Custom Transformation" TOFIELD ="STATE" TOINSTANCE ="SRTTRANS" TOINSTANCETYPE ="Sorter"/>
        <CONNECTOR FROMFIELD ="ZIP" FROMINSTANCE ="Union" FROMINSTANCETYPE ="Custom Transformation" TOFIELD ="ZIP" TOINSTANCE ="SRTTRANS" TOINSTANCETYPE ="Sorter"/>
        <CONNECTOR FROMFIELD ="GROUP_ID" FROMINSTANCE ="SRTTRANS" FROMINSTANCETYPE ="Sorter" TOFIELD ="GROUP_ID" TOINSTANCE ="EXPTRANS2" TOINSTANCETYPE ="Expression"/>
        <CONNECTOR FROMFIELD ="GROUP_NAME" FROMINSTANCE ="SRTTRANS" FROMINSTANCETYPE ="Sorter" TOFIELD ="GROUP_NAME" TOINSTANCE ="EXPTRANS2" TOINSTANCETYPE ="Expression"/>
        <CONNECTOR FROMFIELD ="EFF_DT" FROMINSTANCE ="SRTTRANS" FROMINSTANCETYPE ="Sorter" TOFIELD ="EFF_DT" TOINSTANCE ="EXPTRANS2" TOINSTANCETYPE ="Expression"/>
        <CONNECTOR FROMFIELD ="TERM_DT" FROMINSTANCE ="SRTTRANS" FROMINSTANCETYPE ="Sorter" TOFIELD ="TERM_DT" TOINSTANCE ="EXPTRANS2" TOINSTANCETYPE ="Expression"/>
        <CONNECTOR FROMFIELD ="STREET" FROMINSTANCE ="SRTTRANS" FROMINSTANCETYPE ="Sorter" TOFIELD ="STREET" TOINSTANCE ="EXPTRANS2" TOINSTANCETYPE ="Expression"/>
        <CONNECTOR FROMFIELD ="CITY" FROMINSTANCE ="SRTTRANS" FROMINSTANCETYPE ="Sorter" TOFIELD ="CITY" TOINSTANCE ="EXPTRANS2" TOINSTANCETYPE ="Expression"/>
        <CONNECTOR FROMFIELD ="STATE" FROMINSTANCE ="SRTTRANS" FROMINSTANCETYPE ="Sorter" TOFIELD ="STATE" TOINSTANCE ="EXPTRANS2" TOINSTANCETYPE ="Expression"/>
        <CONNECTOR FROMFIELD ="ZIP" FROMINSTANCE ="SRTTRANS" FROMINSTANCETYPE ="Sorter" TOFIELD ="ZIP" TOINSTANCE ="EXPTRANS2" TOINSTANCETYPE ="Expression"/>
        <CONNECTOR FROMFIELD ="o_GROUP_ID" FROMINSTANCE ="EXPTRANS2" FROMINSTANCETYPE ="Expression" TOFIELD ="o_GROUP_ID" TOINSTANCE ="FILTRANS" TOINSTANCETYPE ="Filter"/>
        <CONNECTOR FROMFIELD ="GROUP_NAME" FROMINSTANCE ="EXPTRANS2" FROMINSTANCETYPE ="Expression" TOFIELD ="GROUP_NAME" TOINSTANCE ="FILTRANS" TOINSTANCETYPE ="Filter"/>
        <CONNECTOR FROMFIELD ="E_DT" FROMINSTANCE ="EXPTRANS2" FROMINSTANCETYPE ="Expression" TOFIELD ="E_DT" TOINSTANCE ="FILTRANS" TOINSTANCETYPE ="Filter"/>
        <CONNECTOR FROMFIELD ="T_DT" FROMINSTANCE ="EXPTRANS2" FROMINSTANCETYPE ="Expression" TOFIELD ="T_DT" TOINSTANCE ="FILTRANS" TOINSTANCETYPE ="Filter"/>
        <CONNECTOR FROMFIELD ="STREET" FROMINSTANCE ="EXPTRANS2" FROMINSTANCETYPE ="Expression" TOFIELD ="STREET" TOINSTANCE ="FILTRANS" TOINSTANCETYPE ="Filter"/>
        <CONNECTOR FROMFIELD ="CITY" FROMINSTANCE ="EXPTRANS2" FROMINSTANCETYPE ="Expression" TOFIELD ="CITY" TOINSTANCE ="FILTRANS" TOINSTANCETYPE ="Filter"/>
        <CONNECTOR FROMFIELD ="STATE" FROMINSTANCE ="EXPTRANS2" FROMINSTANCETYPE ="Expression" TOFIELD ="STATE" TOINSTANCE ="FILTRANS" TOINSTANCETYPE ="Filter"/>
        <CONNECTOR FROMFIELD ="ZIP" FROMINSTANCE ="EXPTRANS2" FROMINSTANCETYPE ="Expression" TOFIELD ="ZIP" TOINSTANCE ="FILTRANS" TOINSTANCETYPE ="Filter"/>
        <CONNECTOR FROMFIELD ="CURRENT_DATE" FROMINSTANCE ="EXPTRANS2" FROMINSTANCETYPE ="Expression" TOFIELD ="CURRENT_DATE" TOINSTANCE ="FILTRANS" TOINSTANCETYPE ="Filter"/>
        <TARGETLOADORDER ORDER ="1" TARGETINSTANCE ="GROUP_2387336"/>
        <ERPINFO/>
    </MAPPING>
</FOLDER>
</REPOSITORY>
</POWERMART>