<?xml version="1.0" encoding="Windows-1252"?>
<!-- Informatica proprietary -->
<!DOCTYPE POWERMART SYSTEM "powrmart.dtd">
<POWERMART CREATION_DATE="03/03/2025 12:58:56" REPOSITORY_VERSION="189.98">
<REPOSITORY NAME="REP" VERSION="189" CODEPAGE="MS1252" DATABASETYPE="Oracle">
<FOLDER NAME="Test" GROUP="" OWNER="Administrator" SHARED="NOTSHARED" DESCRIPTION="" PERMISSIONS="rwx---r--" UUID="8218d282-cb8a-40be-9551-42ee51c884c5">
    <SOURCE BUSINESSNAME ="" DATABASETYPE ="Flat File" DBDNAME ="FlatFile" DESCRIPTION ="" NAME ="Stock_DataFile_1_csv" OBJECTVERSION ="1" OWNERNAME ="" VERSIONNUMBER ="1">
        <FLATFILE CODEPAGE ="MS1252" CONSECDELIMITERSASONE ="NO" DELIMITED ="YES" DELIMITERS ="," ESCAPE_CHARACTER ="" KEEPESCAPECHAR ="NO" LINESEQUENTIAL ="NO" MULTIDELIMITERSASAND ="NO" NULLCHARTYPE ="ASCII" NULL_CHARACTER ="*" PADBYTES ="1" QUOTE_CHARACTER ="DOUBLE" REPEATABLE ="NO" ROWDELIMITER ="0" SHIFTSENSITIVEDATA ="NO" SKIPROWS ="1" STRIPTRAILINGBLANKS ="NO"/>
        <TABLEATTRIBUTE NAME ="Base Table Name" VALUE =""/>
        <TABLEATTRIBUTE NAME ="Search Specification" VALUE =""/>
        <TABLEATTRIBUTE NAME ="Sort Specification" VALUE =""/>
        <TABLEATTRIBUTE NAME ="Datetime Format" VALUE ="A  19 mm/dd/yyyy hh24:mi:ss"/>
        <TABLEATTRIBUTE NAME ="Thousand Separator" VALUE ="None"/>
        <TABLEATTRIBUTE NAME ="Decimal Separator" VALUE ="."/>
        <TABLEATTRIBUTE NAME ="Add Currently Processed Flat File Name Port" VALUE ="NO"/>
        <TABLEATTRIBUTE NAME ="Source TimeStamp" VALUE =""/>
        <SOURCEFIELD BUSINESSNAME ="" DATATYPE ="number" DESCRIPTION ="" FIELDNUMBER ="1" FIELDPROPERTY ="0" FIELDTYPE ="ELEMITEM" HIDDEN ="NO" KEYTYPE ="NOT A KEY" LENGTH ="3" LEVEL ="0" NAME ="Trader_Id" NULLABLE ="NULL" OCCURS ="0" OFFSET ="0" PHYSICALLENGTH ="3" PHYSICALOFFSET ="0" PICTURETEXT ="" PRECISION ="3" SCALE ="0" USAGE_FLAGS =""/>
        <SOURCEFIELD BUSINESSNAME ="" DATATYPE ="string" DESCRIPTION ="" FIELDNUMBER ="2" FIELDPROPERTY ="0" FIELDTYPE ="ELEMITEM" HIDDEN ="NO" KEYTYPE ="NOT A KEY" LENGTH ="12" LEVEL ="0" NAME ="Trader_FName" NULLABLE ="NULL" OCCURS ="0" OFFSET ="3" PHYSICALLENGTH ="12" PHYSICALOFFSET ="3" PICTURETEXT ="" PRECISION ="12" SCALE ="0" USAGE_FLAGS =""/>
        <SOURCEFIELD BUSINESSNAME ="" DATATYPE ="string" DESCRIPTION ="" FIELDNUMBER ="3" FIELDPROPERTY ="0" FIELDTYPE ="ELEMITEM" HIDDEN ="NO" KEYTYPE ="NOT A KEY" LENGTH ="15" LEVEL ="0" NAME ="Trader_LName" NULLABLE ="NULL" OCCURS ="0" OFFSET ="15" PHYSICALLENGTH ="15" PHYSICALOFFSET ="15" PICTURETEXT ="" PRECISION ="15" SCALE ="0" USAGE_FLAGS =""/>
        <SOURCEFIELD BUSINESSNAME ="" DATATYPE ="string" DESCRIPTION ="" FIELDNUMBER ="4" FIELDPROPERTY ="0" FIELDTYPE ="ELEMITEM" HIDDEN ="NO" KEYTYPE ="NOT A KEY" LENGTH ="37" LEVEL ="0" NAME ="Trader_Email" NULLABLE ="NULL" OCCURS ="0" OFFSET ="30" PHYSICALLENGTH ="37" PHYSICALOFFSET ="30" PICTURETEXT ="" PRECISION ="37" SCALE ="0" USAGE_FLAGS =""/>
        <SOURCEFIELD BUSINESSNAME ="" DATATYPE ="string" DESCRIPTION ="" FIELDNUMBER ="5" FIELDPROPERTY ="0" FIELDTYPE ="ELEMITEM" HIDDEN ="NO" KEYTYPE ="NOT A KEY" LENGTH ="6" LEVEL ="0" NAME ="Trader_Gender" NULLABLE ="NULL" OCCURS ="0" OFFSET ="67" PHYSICALLENGTH ="6" PHYSICALOFFSET ="67" PICTURETEXT ="" PRECISION ="6" SCALE ="0" USAGE_FLAGS =""/>
        <SOURCEFIELD BUSINESSNAME ="" DATATYPE ="string" DESCRIPTION ="" FIELDNUMBER ="6" FIELDPROPERTY ="0" FIELDTYPE ="ELEMITEM" HIDDEN ="NO" KEYTYPE ="NOT A KEY" LENGTH ="20" LEVEL ="0" NAME ="Trader_State" NULLABLE ="NULL" OCCURS ="0" OFFSET ="73" PHYSICALLENGTH ="20" PHYSICALOFFSET ="73" PICTURETEXT ="" PRECISION ="20" SCALE ="0" USAGE_FLAGS =""/>
        <SOURCEFIELD BUSINESSNAME ="" DATATYPE ="string" DESCRIPTION ="" FIELDNUMBER ="7" FIELDPROPERTY ="0" FIELDTYPE ="ELEMITEM" HIDDEN ="NO" KEYTYPE ="NOT A KEY" LENGTH ="6" LEVEL ="0" NAME ="Stock_Market" NULLABLE ="NULL" OCCURS ="0" OFFSET ="93" PHYSICALLENGTH ="6" PHYSICALOFFSET ="93" PICTURETEXT ="" PRECISION ="6" SCALE ="0" USAGE_FLAGS =""/>
        <SOURCEFIELD BUSINESSNAME ="" DATATYPE ="string" DESCRIPTION ="" FIELDNUMBER ="8" FIELDPROPERTY ="0" FIELDTYPE ="ELEMITEM" HIDDEN ="NO" KEYTYPE ="NOT A KEY" LENGTH ="14" LEVEL ="0" NAME ="Stock_Symbol" NULLABLE ="NULL" OCCURS ="0" OFFSET ="99" PHYSICALLENGTH ="14" PHYSICALOFFSET ="99" PICTURETEXT ="" PRECISION ="14" SCALE ="0" USAGE_FLAGS =""/>
        <SOURCEFIELD BUSINESSNAME ="" DATATYPE ="string" DESCRIPTION ="" FIELDNUMBER ="9" FIELDPROPERTY ="0" FIELDTYPE ="ELEMITEM" HIDDEN ="NO" KEYTYPE ="NOT A KEY" LENGTH ="6" LEVEL ="0" NAME ="Stock_Price" NULLABLE ="NULL" OCCURS ="0" OFFSET ="113" PHYSICALLENGTH ="6" PHYSICALOFFSET ="113" PICTURETEXT ="" PRECISION ="6" SCALE ="0" USAGE_FLAGS =""/>
    </SOURCE>
    <TARGET BUSINESSNAME ="" CONSTRAINT ="" DATABASETYPE ="Flat File" DESCRIPTION ="" NAME ="target_name_s_4" OBJECTVERSION ="1" TABLEOPTIONS ="" VERSIONNUMBER ="1">
        <FLATFILE CODEPAGE ="MS1252" CONSECDELIMITERSASONE ="NO" DELIMITED ="YES" DELIMITERS =" " ESCAPE_CHARACTER ="" KEEPESCAPECHAR ="NO" LINESEQUENTIAL ="NO" MULTIDELIMITERSASAND ="NO" NULLCHARTYPE ="ASCII" NULL_CHARACTER ="*" PADBYTES ="1" QUOTE_CHARACTER ="NONE" REPEATABLE ="NO" ROWDELIMITER ="0" SKIPROWS ="0" STRIPTRAILINGBLANKS ="NO"/>
        <TARGETFIELD BUSINESSNAME ="" DATATYPE ="number" DESCRIPTION ="" FIELDNUMBER ="1" KEYTYPE ="NOT A KEY" NAME ="Trader_Id" NULLABLE ="NULL" PICTURETEXT ="" PRECISION ="10" SCALE ="0"/>
        <TARGETFIELD BUSINESSNAME ="" DATATYPE ="string" DESCRIPTION ="" FIELDNUMBER ="2" KEYTYPE ="NOT A KEY" NAME ="Trader_FName" NULLABLE ="NULL" PICTURETEXT ="" PRECISION ="10" SCALE ="0"/>
        <TARGETFIELD BUSINESSNAME ="" DATATYPE ="string" DESCRIPTION ="" FIELDNUMBER ="3" KEYTYPE ="NOT A KEY" NAME ="Trader_Gender" NULLABLE ="NULL" PICTURETEXT ="" PRECISION ="10" SCALE ="0"/>
        <TARGETFIELD BUSINESSNAME ="" DATATYPE ="string" DESCRIPTION ="" FIELDNUMBER ="4" KEYTYPE ="NOT A KEY" NAME ="Trader_State" NULLABLE ="NULL" PICTURETEXT ="" PRECISION ="10" SCALE ="0"/>
        <TABLEATTRIBUTE NAME ="Datetime Format" VALUE ="A  19 mm/dd/yyyy hh24:mi:ss"/>
        <TABLEATTRIBUTE NAME ="Thousand Separator" VALUE ="None"/>
        <TABLEATTRIBUTE NAME ="Decimal Separator" VALUE ="."/>
        <TABLEATTRIBUTE NAME ="Line Endings" VALUE ="System default"/>
    </TARGET>
    <MAPPING DESCRIPTION ="" ISVALID ="YES" NAME ="m_stock_4" OBJECTVERSION ="1" VERSIONNUMBER ="1">
        <TRANSFORMATION DESCRIPTION ="" NAME ="SQ_Stock_DataFile_1_csv" OBJECTVERSION ="1" REUSABLE ="NO" TYPE ="Source Qualifier" VERSIONNUMBER ="1">
            <TRANSFORMFIELD DATATYPE ="decimal" DEFAULTVALUE ="" DESCRIPTION ="" NAME ="Trader_Id" PICTURETEXT ="" PORTTYPE ="INPUT/OUTPUT" PRECISION ="3" SCALE ="0"/>
            <TRANSFORMFIELD DATATYPE ="string" DEFAULTVALUE ="" DESCRIPTION ="" NAME ="Trader_FName" PICTURETEXT ="" PORTTYPE ="INPUT/OUTPUT" PRECISION ="12" SCALE ="0"/>
            <TRANSFORMFIELD DATATYPE ="string" DEFAULTVALUE ="" DESCRIPTION ="" NAME ="Trader_LName" PICTURETEXT ="" PORTTYPE ="INPUT/OUTPUT" PRECISION ="15" SCALE ="0"/>
            <TRANSFORMFIELD DATATYPE ="string" DEFAULTVALUE ="" DESCRIPTION ="" NAME ="Trader_Email" PICTURETEXT ="" PORTTYPE ="INPUT/OUTPUT" PRECISION ="37" SCALE ="0"/>
            <TRANSFORMFIELD DATATYPE ="string" DEFAULTVALUE ="" DESCRIPTION ="" NAME ="Trader_Gender" PICTURETEXT ="" PORTTYPE ="INPUT/OUTPUT" PRECISION ="6" SCALE ="0"/>
            <TRANSFORMFIELD DATATYPE ="string" DEFAULTVALUE ="" DESCRIPTION ="" NAME ="Trader_State" PICTURETEXT ="" PORTTYPE ="INPUT/OUTPUT" PRECISION ="20" SCALE ="0"/>
            <TRANSFORMFIELD DATATYPE ="string" DEFAULTVALUE ="" DESCRIPTION ="" NAME ="Stock_Market" PICTURETEXT ="" PORTTYPE ="INPUT/OUTPUT" PRECISION ="6" SCALE ="0"/>
            <TRANSFORMFIELD DATATYPE ="string" DEFAULTVALUE ="" DESCRIPTION ="" NAME ="Stock_Symbol" PICTURETEXT ="" PORTTYPE ="INPUT/OUTPUT" PRECISION ="14" SCALE ="0"/>
            <TRANSFORMFIELD DATATYPE ="string" DEFAULTVALUE ="" DESCRIPTION ="" NAME ="Stock_Price" PICTURETEXT ="" PORTTYPE ="INPUT/OUTPUT" PRECISION ="6" SCALE ="0"/>
            <TABLEATTRIBUTE NAME ="Sql Query" VALUE =""/>
            <TABLEATTRIBUTE NAME ="User Defined Join" VALUE =""/>
            <TABLEATTRIBUTE NAME ="Source Filter" VALUE =""/>
            <TABLEATTRIBUTE NAME ="Number Of Sorted Ports" VALUE ="0"/>
            <TABLEATTRIBUTE NAME ="Tracing Level" VALUE ="Normal"/>
            <TABLEATTRIBUTE NAME ="Select Distinct" VALUE ="NO"/>
            <TABLEATTRIBUTE NAME ="Is Partitionable" VALUE ="NO"/>
            <TABLEATTRIBUTE NAME ="Pre SQL" VALUE =""/>
            <TABLEATTRIBUTE NAME ="Post SQL" VALUE =""/>
            <TABLEATTRIBUTE NAME ="Output is deterministic" VALUE ="NO"/>
            <TABLEATTRIBUTE NAME ="Output is repeatable" VALUE ="Never"/>
        </TRANSFORMATION>
        <TRANSFORMATION DESCRIPTION ="" NAME ="FILTRANS" OBJECTVERSION ="1" REUSABLE ="NO" TYPE ="Filter" VERSIONNUMBER ="1">
            <TRANSFORMFIELD DATATYPE ="decimal" DEFAULTVALUE ="" DESCRIPTION ="" NAME ="Trader_Id" PICTURETEXT ="" PORTTYPE ="INPUT/OUTPUT" PRECISION ="3" SCALE ="0"/>
            <TRANSFORMFIELD DATATYPE ="string" DEFAULTVALUE ="" DESCRIPTION ="" NAME ="Trader_FName" PICTURETEXT ="" PORTTYPE ="INPUT/OUTPUT" PRECISION ="12" SCALE ="0"/>
            <TRANSFORMFIELD DATATYPE ="string" DEFAULTVALUE ="" DESCRIPTION ="" NAME ="Trader_LName" PICTURETEXT ="" PORTTYPE ="INPUT/OUTPUT" PRECISION ="15" SCALE ="0"/>
            <TRANSFORMFIELD DATATYPE ="string" DEFAULTVALUE ="" DESCRIPTION ="" NAME ="Trader_Email" PICTURETEXT ="" PORTTYPE ="INPUT/OUTPUT" PRECISION ="37" SCALE ="0"/>
            <TRANSFORMFIELD DATATYPE ="string" DEFAULTVALUE ="" DESCRIPTION ="" NAME ="Trader_Gender" PICTURETEXT ="" PORTTYPE ="INPUT/OUTPUT" PRECISION ="6" SCALE ="0"/>
            <TRANSFORMFIELD DATATYPE ="string" DEFAULTVALUE ="" DESCRIPTION ="" NAME ="Trader_State" PICTURETEXT ="" PORTTYPE ="INPUT/OUTPUT" PRECISION ="20" SCALE ="0"/>
            <TRANSFORMFIELD DATATYPE ="string" DEFAULTVALUE ="" DESCRIPTION ="" NAME ="Stock_Market" PICTURETEXT ="" PORTTYPE ="INPUT/OUTPUT" PRECISION ="6" SCALE ="0"/>
            <TRANSFORMFIELD DATATYPE ="string" DEFAULTVALUE ="" DESCRIPTION ="" NAME ="Stock_Symbol" PICTURETEXT ="" PORTTYPE ="INPUT/OUTPUT" PRECISION ="14" SCALE ="0"/>
            <TRANSFORMFIELD DATATYPE ="string" DEFAULTVALUE ="" DESCRIPTION ="" NAME ="Stock_Price" PICTURETEXT ="" PORTTYPE ="INPUT/OUTPUT" PRECISION ="6" SCALE ="0"/>
            <TABLEATTRIBUTE NAME ="Filter Condition" VALUE ="ISNULL(Trader_Email)"/>
            <TABLEATTRIBUTE NAME ="Tracing Level" VALUE ="Normal"/>
        </TRANSFORMATION>
        <INSTANCE DBDNAME ="FlatFile" DESCRIPTION ="" NAME ="Stock_DataFile_1_csv" TRANSFORMATION_NAME ="Stock_DataFile_1_csv" TRANSFORMATION_TYPE ="Source Definition" TYPE ="SOURCE"/>
        <INSTANCE DESCRIPTION ="" NAME ="SQ_Stock_DataFile_1_csv" REUSABLE ="NO" TRANSFORMATION_NAME ="SQ_Stock_DataFile_1_csv" TRANSFORMATION_TYPE ="Source Qualifier" TYPE ="TRANSFORMATION">
            <ASSOCIATED_SOURCE_INSTANCE NAME ="Stock_DataFile_1_csv"/>
        </INSTANCE>
        <INSTANCE DESCRIPTION ="" NAME ="FILTRANS" REUSABLE ="NO" TRANSFORMATION_NAME ="FILTRANS" TRANSFORMATION_TYPE ="Filter" TYPE ="TRANSFORMATION"/>
        <INSTANCE DESCRIPTION ="" NAME ="target_name_s_4" TRANSFORMATION_NAME ="target_name_s_4" TRANSFORMATION_TYPE ="Target Definition" TYPE ="TARGET"/>
        <CONNECTOR FROMFIELD ="Trader_Id" FROMINSTANCE ="Stock_DataFile_1_csv" FROMINSTANCETYPE ="Source Definition" TOFIELD ="Trader_Id" TOINSTANCE ="SQ_Stock_DataFile_1_csv" TOINSTANCETYPE ="Source Qualifier"/>
        <CONNECTOR FROMFIELD ="Trader_FName" FROMINSTANCE ="Stock_DataFile_1_csv" FROMINSTANCETYPE ="Source Definition" TOFIELD ="Trader_FName" TOINSTANCE ="SQ_Stock_DataFile_1_csv" TOINSTANCETYPE ="Source Qualifier"/>
        <CONNECTOR FROMFIELD ="Trader_LName" FROMINSTANCE ="Stock_DataFile_1_csv" FROMINSTANCETYPE ="Source Definition" TOFIELD ="Trader_LName" TOINSTANCE ="SQ_Stock_DataFile_1_csv" TOINSTANCETYPE ="Source Qualifier"/>
        <CONNECTOR FROMFIELD ="Trader_Email" FROMINSTANCE ="Stock_DataFile_1_csv" FROMINSTANCETYPE ="Source Definition" TOFIELD ="Trader_Email" TOINSTANCE ="SQ_Stock_DataFile_1_csv" TOINSTANCETYPE ="Source Qualifier"/>
        <CONNECTOR FROMFIELD ="Trader_Gender" FROMINSTANCE ="Stock_DataFile_1_csv" FROMINSTANCETYPE ="Source Definition" TOFIELD ="Trader_Gender" TOINSTANCE ="SQ_Stock_DataFile_1_csv" TOINSTANCETYPE ="Source Qualifier"/>
        <CONNECTOR FROMFIELD ="Trader_State" FROMINSTANCE ="Stock_DataFile_1_csv" FROMINSTANCETYPE ="Source Definition" TOFIELD ="Trader_State" TOINSTANCE ="SQ_Stock_DataFile_1_csv" TOINSTANCETYPE ="Source Qualifier"/>
        <CONNECTOR FROMFIELD ="Stock_Market" FROMINSTANCE ="Stock_DataFile_1_csv" FROMINSTANCETYPE ="Source Definition" TOFIELD ="Stock_Market" TOINSTANCE ="SQ_Stock_DataFile_1_csv" TOINSTANCETYPE ="Source Qualifier"/>
        <CONNECTOR FROMFIELD ="Stock_Symbol" FROMINSTANCE ="Stock_DataFile_1_csv" FROMINSTANCETYPE ="Source Definition" TOFIELD ="Stock_Symbol" TOINSTANCE ="SQ_Stock_DataFile_1_csv" TOINSTANCETYPE ="Source Qualifier"/>
        <CONNECTOR FROMFIELD ="Stock_Price" FROMINSTANCE ="Stock_DataFile_1_csv" FROMINSTANCETYPE ="Source Definition" TOFIELD ="Stock_Price" TOINSTANCE ="SQ_Stock_DataFile_1_csv" TOINSTANCETYPE ="Source Qualifier"/>
        <CONNECTOR FROMFIELD ="Trader_Id" FROMINSTANCE ="SQ_Stock_DataFile_1_csv" FROMINSTANCETYPE ="Source Qualifier" TOFIELD ="Trader_Id" TOINSTANCE ="FILTRANS" TOINSTANCETYPE ="Filter"/>
        <CONNECTOR FROMFIELD ="Trader_FName" FROMINSTANCE ="SQ_Stock_DataFile_1_csv" FROMINSTANCETYPE ="Source Qualifier" TOFIELD ="Trader_FName" TOINSTANCE ="FILTRANS" TOINSTANCETYPE ="Filter"/>
        <CONNECTOR FROMFIELD ="Trader_LName" FROMINSTANCE ="SQ_Stock_DataFile_1_csv" FROMINSTANCETYPE ="Source Qualifier" TOFIELD ="Trader_LName" TOINSTANCE ="FILTRANS" TOINSTANCETYPE ="Filter"/>
        <CONNECTOR FROMFIELD ="Trader_Email" FROMINSTANCE ="SQ_Stock_DataFile_1_csv" FROMINSTANCETYPE ="Source Qualifier" TOFIELD ="Trader_Email" TOINSTANCE ="FILTRANS" TOINSTANCETYPE ="Filter"/>
        <CONNECTOR FROMFIELD ="Trader_Gender" FROMINSTANCE ="SQ_Stock_DataFile_1_csv" FROMINSTANCETYPE ="Source Qualifier" TOFIELD ="Trader_Gender" TOINSTANCE ="FILTRANS" TOINSTANCETYPE ="Filter"/>
        <CONNECTOR FROMFIELD ="Trader_State" FROMINSTANCE ="SQ_Stock_DataFile_1_csv" FROMINSTANCETYPE ="Source Qualifier" TOFIELD ="Trader_State" TOINSTANCE ="FILTRANS" TOINSTANCETYPE ="Filter"/>
        <CONNECTOR FROMFIELD ="Stock_Market" FROMINSTANCE ="SQ_Stock_DataFile_1_csv" FROMINSTANCETYPE ="Source Qualifier" TOFIELD ="Stock_Market" TOINSTANCE ="FILTRANS" TOINSTANCETYPE ="Filter"/>
        <CONNECTOR FROMFIELD ="Stock_Symbol" FROMINSTANCE ="SQ_Stock_DataFile_1_csv" FROMINSTANCETYPE ="Source Qualifier" TOFIELD ="Stock_Symbol" TOINSTANCE ="FILTRANS" TOINSTANCETYPE ="Filter"/>
        <CONNECTOR FROMFIELD ="Stock_Price" FROMINSTANCE ="SQ_Stock_DataFile_1_csv" FROMINSTANCETYPE ="Source Qualifier" TOFIELD ="Stock_Price" TOINSTANCE ="FILTRANS" TOINSTANCETYPE ="Filter"/>
        <CONNECTOR FROMFIELD ="Trader_Id" FROMINSTANCE ="FILTRANS" FROMINSTANCETYPE ="Filter" TOFIELD ="Trader_Id" TOINSTANCE ="target_name_s_4" TOINSTANCETYPE ="Target Definition"/>
        <CONNECTOR FROMFIELD ="Trader_FName" FROMINSTANCE ="FILTRANS" FROMINSTANCETYPE ="Filter" TOFIELD ="Trader_FName" TOINSTANCE ="target_name_s_4" TOINSTANCETYPE ="Target Definition"/>
        <CONNECTOR FROMFIELD ="Trader_Gender" FROMINSTANCE ="FILTRANS" FROMINSTANCETYPE ="Filter" TOFIELD ="Trader_Gender" TOINSTANCE ="target_name_s_4" TOINSTANCETYPE ="Target Definition"/>
        <CONNECTOR FROMFIELD ="Trader_State" FROMINSTANCE ="FILTRANS" FROMINSTANCETYPE ="Filter" TOFIELD ="Trader_State" TOINSTANCE ="target_name_s_4" TOINSTANCETYPE ="Target Definition"/>
        <TARGETLOADORDER ORDER ="1" TARGETINSTANCE ="target_name_s_4"/>
    </MAPPING>
</FOLDER>
</REPOSITORY>
</POWERMART>