<?xml version="1.0" encoding="Windows-1252"?>
<!-- Informatica proprietary -->
<!DOCTYPE POWERMART SYSTEM "powrmart.dtd">
<POWERMART CREATION_DATE="03/14/2025 11:40:33" REPOSITORY_VERSION="189.98">
<REPOSITORY NAME="REP" VERSION="189" CODEPAGE="MS1252" DATABASETYPE="Oracle">
<FOLDER NAME="Test" GROUP="" OWNER="Administrator" SHARED="NOTSHARED" DESCRIPTION="" PERMISSIONS="rwx---r--" UUID="8218d282-cb8a-40be-9551-42ee51c884c5">
    <SOURCE BUSINESSNAME ="" DATABASETYPE ="Oracle" DBDNAME ="source" DESCRIPTION ="" NAME ="GROUP_2387476" OBJECTVERSION ="1" OWNERNAME ="SYSTEM" VERSIONNUMBER ="1">
        <SOURCEFIELD BUSINESSNAME ="" DATATYPE ="number(p,s)" DESCRIPTION ="" FIELDNUMBER ="1" FIELDPROPERTY ="0" FIELDTYPE ="ELEMITEM" HIDDEN ="NO" KEYTYPE ="NOT A KEY" LENGTH ="12" LEVEL ="0" NAME ="GRP_SK" NULLABLE ="NOTNULL" OCCURS ="0" OFFSET ="0" PHYSICALLENGTH ="10" PHYSICALOFFSET ="0" PICTURETEXT ="" PRECISION ="10" SCALE ="0" USAGE_FLAGS =""/>
        <SOURCEFIELD BUSINESSNAME ="" DATATYPE ="varchar2" DESCRIPTION ="" FIELDNUMBER ="2" FIELDPROPERTY ="0" FIELDTYPE ="ELEMITEM" HIDDEN ="NO" KEYTYPE ="PRIMARY KEY" LENGTH ="0" LEVEL ="0" NAME ="GROUP_ID" NULLABLE ="NOTNULL" OCCURS ="0" OFFSET ="12" PHYSICALLENGTH ="8" PHYSICALOFFSET ="10" PICTURETEXT ="" PRECISION ="8" SCALE ="0" USAGE_FLAGS =""/>
        <SOURCEFIELD BUSINESSNAME ="" DATATYPE ="varchar2" DESCRIPTION ="" FIELDNUMBER ="3" FIELDPROPERTY ="0" FIELDTYPE ="ELEMITEM" HIDDEN ="NO" KEYTYPE ="NOT A KEY" LENGTH ="0" LEVEL ="0" NAME ="GROUP_NAME" NULLABLE ="NOTNULL" OCCURS ="0" OFFSET ="12" PHYSICALLENGTH ="30" PHYSICALOFFSET ="18" PICTURETEXT ="" PRECISION ="30" SCALE ="0" USAGE_FLAGS =""/>
        <SOURCEFIELD BUSINESSNAME ="" DATATYPE ="date" DESCRIPTION ="" FIELDNUMBER ="4" FIELDPROPERTY ="0" FIELDTYPE ="ELEMITEM" HIDDEN ="NO" KEYTYPE ="NOT A KEY" LENGTH ="19" LEVEL ="0" NAME ="EFF_DT" NULLABLE ="NOTNULL" OCCURS ="0" OFFSET ="12" PHYSICALLENGTH ="19" PHYSICALOFFSET ="48" PICTURETEXT ="" PRECISION ="19" SCALE ="0" USAGE_FLAGS =""/>
        <SOURCEFIELD BUSINESSNAME ="" DATATYPE ="date" DESCRIPTION ="" FIELDNUMBER ="5" FIELDPROPERTY ="0" FIELDTYPE ="ELEMITEM" HIDDEN ="NO" KEYTYPE ="NOT A KEY" LENGTH ="19" LEVEL ="0" NAME ="TERM_DT" NULLABLE ="NOTNULL" OCCURS ="0" OFFSET ="31" PHYSICALLENGTH ="19" PHYSICALOFFSET ="67" PICTURETEXT ="" PRECISION ="19" SCALE ="0" USAGE_FLAGS =""/>
        <SOURCEFIELD BUSINESSNAME ="" DATATYPE ="varchar2" DESCRIPTION ="" FIELDNUMBER ="6" FIELDPROPERTY ="0" FIELDTYPE ="ELEMITEM" HIDDEN ="NO" KEYTYPE ="NOT A KEY" LENGTH ="0" LEVEL ="0" NAME ="STREET" NULLABLE ="NULL" OCCURS ="0" OFFSET ="50" PHYSICALLENGTH ="35" PHYSICALOFFSET ="86" PICTURETEXT ="" PRECISION ="35" SCALE ="0" USAGE_FLAGS =""/>
        <SOURCEFIELD BUSINESSNAME ="" DATATYPE ="varchar2" DESCRIPTION ="" FIELDNUMBER ="7" FIELDPROPERTY ="0" FIELDTYPE ="ELEMITEM" HIDDEN ="NO" KEYTYPE ="NOT A KEY" LENGTH ="0" LEVEL ="0" NAME ="CITY" NULLABLE ="NULL" OCCURS ="0" OFFSET ="50" PHYSICALLENGTH ="15" PHYSICALOFFSET ="121" PICTURETEXT ="" PRECISION ="15" SCALE ="0" USAGE_FLAGS =""/>
        <SOURCEFIELD BUSINESSNAME ="" DATATYPE ="varchar2" DESCRIPTION ="" FIELDNUMBER ="8" FIELDPROPERTY ="0" FIELDTYPE ="ELEMITEM" HIDDEN ="NO" KEYTYPE ="NOT A KEY" LENGTH ="0" LEVEL ="0" NAME ="STATE" NULLABLE ="NULL" OCCURS ="0" OFFSET ="50" PHYSICALLENGTH ="20" PHYSICALOFFSET ="136" PICTURETEXT ="" PRECISION ="20" SCALE ="0" USAGE_FLAGS =""/>
        <SOURCEFIELD BUSINESSNAME ="" DATATYPE ="number(p,s)" DESCRIPTION ="" FIELDNUMBER ="9" FIELDPROPERTY ="0" FIELDTYPE ="ELEMITEM" HIDDEN ="NO" KEYTYPE ="NOT A KEY" LENGTH ="7" LEVEL ="0" NAME ="ZIP" NULLABLE ="NOTNULL" OCCURS ="0" OFFSET ="50" PHYSICALLENGTH ="5" PHYSICALOFFSET ="156" PICTURETEXT ="" PRECISION ="5" SCALE ="0" USAGE_FLAGS =""/>
    </SOURCE>
    <SOURCE BUSINESSNAME ="" DATABASETYPE ="Oracle" DBDNAME ="source" DESCRIPTION ="" NAME ="SUBGRP_2387476" OBJECTVERSION ="1" OWNERNAME ="SYSTEM" VERSIONNUMBER ="1">
        <SOURCEFIELD BUSINESSNAME ="" DATATYPE ="number(p,s)" DESCRIPTION ="" FIELDNUMBER ="1" FIELDPROPERTY ="0" FIELDTYPE ="ELEMITEM" HIDDEN ="NO" KEYTYPE ="NOT A KEY" LENGTH ="12" LEVEL ="0" NAME ="SUBGRP_SK" NULLABLE ="NOTNULL" OCCURS ="0" OFFSET ="0" PHYSICALLENGTH ="10" PHYSICALOFFSET ="0" PICTURETEXT ="" PRECISION ="10" SCALE ="0" USAGE_FLAGS =""/>
        <SOURCEFIELD BUSINESSNAME ="" DATATYPE ="varchar2" DESCRIPTION ="" FIELDNUMBER ="2" FIELDPROPERTY ="0" FIELDTYPE ="ELEMITEM" HIDDEN ="NO" KEYTYPE ="PRIMARY KEY" LENGTH ="0" LEVEL ="0" NAME ="SUBGRP_ID" NULLABLE ="NOTNULL" OCCURS ="0" OFFSET ="12" PHYSICALLENGTH ="4" PHYSICALOFFSET ="10" PICTURETEXT ="" PRECISION ="4" SCALE ="0" USAGE_FLAGS =""/>
        <SOURCEFIELD BUSINESSNAME ="" DATATYPE ="varchar2" DESCRIPTION ="" FIELDNUMBER ="3" FIELDPROPERTY ="0" FIELDTYPE ="ELEMITEM" HIDDEN ="NO" KEYTYPE ="NOT A KEY" LENGTH ="0" LEVEL ="0" NAME ="SUBGRP_NAME" NULLABLE ="NOTNULL" OCCURS ="0" OFFSET ="12" PHYSICALLENGTH ="30" PHYSICALOFFSET ="14" PICTURETEXT ="" PRECISION ="30" SCALE ="0" USAGE_FLAGS =""/>
        <SOURCEFIELD BUSINESSNAME ="" DATATYPE ="date" DESCRIPTION ="" FIELDNUMBER ="4" FIELDPROPERTY ="0" FIELDTYPE ="ELEMITEM" HIDDEN ="NO" KEYTYPE ="NOT A KEY" LENGTH ="19" LEVEL ="0" NAME ="EFF_DT" NULLABLE ="NOTNULL" OCCURS ="0" OFFSET ="12" PHYSICALLENGTH ="19" PHYSICALOFFSET ="44" PICTURETEXT ="" PRECISION ="19" SCALE ="0" USAGE_FLAGS =""/>
        <SOURCEFIELD BUSINESSNAME ="" DATATYPE ="date" DESCRIPTION ="" FIELDNUMBER ="5" FIELDPROPERTY ="0" FIELDTYPE ="ELEMITEM" HIDDEN ="NO" KEYTYPE ="NOT A KEY" LENGTH ="19" LEVEL ="0" NAME ="TERM_DT" NULLABLE ="NOTNULL" OCCURS ="0" OFFSET ="31" PHYSICALLENGTH ="19" PHYSICALOFFSET ="63" PICTURETEXT ="" PRECISION ="19" SCALE ="0" USAGE_FLAGS =""/>
        <SOURCEFIELD BUSINESSNAME ="" DATATYPE ="varchar2" DESCRIPTION ="" FIELDNUMBER ="6" FIELDPROPERTY ="0" FIELDTYPE ="ELEMITEM" HIDDEN ="NO" KEYTYPE ="FOREIGN KEY" LENGTH ="0" LEVEL ="0" NAME ="GROUP_ID" NULLABLE ="NULL" OCCURS ="0" OFFSET ="50" PHYSICALLENGTH ="8" PHYSICALOFFSET ="82" PICTURETEXT ="" PRECISION ="8" REFERENCEDDBD ="source" REFERENCEDFIELD ="GROUP_ID" REFERENCEDTABLE ="GROUP_2387476" SCALE ="0" USAGE_FLAGS =""/>
    </SOURCE>
</FOLDER>
</REPOSITORY>
</POWERMART>