<?xml version="1.0" encoding="Windows-1252"?>
<!-- Informatica proprietary -->
<!DOCTYPE POWERMART SYSTEM "powrmart.dtd">
<POWERMART CREATION_DATE="03/14/2025 11:39:39" REPOSITORY_VERSION="189.98">
<REPOSITORY NAME="REP" VERSION="189" CODEPAGE="MS1252" DATABASETYPE="Oracle">
<FOLDER NAME="Test" GROUP="" OWNER="Administrator" SHARED="NOTSHARED" DESCRIPTION="" PERMISSIONS="rwx---r--" UUID="8218d282-cb8a-40be-9551-42ee51c884c5">
    <TARGET BUSINESSNAME ="" CONSTRAINT ="" CRCVALUE ="3473625446" DATABASETYPE ="XML" DESCRIPTION ="" NAME ="Welcome_Letter" OBJECTVERSION ="1" TABLEOPTIONS ="" VERSIONNUMBER ="1">
        <FLATFILE CODEPAGE ="MS1252" CONSECDELIMITERSASONE ="NO" DELIMITED ="NO" DELIMITERS ="," ESCAPE_CHARACTER ="" KEEPESCAPECHAR ="NO" LINESEQUENTIAL ="NO" MULTIDELIMITERSASAND ="NO" NULLCHARTYPE ="ASCII" NULL_CHARACTER ="*" PADBYTES ="1" QUOTE_CHARACTER ="NONE" REPEATABLE ="NO" ROWDELIMITER ="0" SKIPROWS ="0" STRIPTRAILINGBLANKS ="NO"/>
        <XMLINFO>
            <XMLTEXT TEXT ="&lt;?xml version=&quot;1.0&quot; encoding=&quot;utf-8&quot;?&gt;&#xA;&lt;METASCHEMA ORIGIN=&quot;schema,reposit&quot; version=&quot;7.01&quot;&gt;&#xA;&lt;NAMESPACEINFO NAMESPACE=&quot;&quot; PREFIX=&quot;&quot; ELEMENT-FORM-DEFAULT=&quot;unqualified&quot; ATTRIBUTE-FORM-DEFAULT=&quot;unqualified&quot; ROOTNAMESPACE=&quot;true&quot;&gt;&#xA;&lt;/NAMESPACEINFO&gt;&#xA;&lt;/METASCHEMA&gt;&#xA;" TYPE ="ADAPTER"/>
            <XMLTEXT TEXT ="&lt;?xml version=&quot;1.0&quot; encoding=&quot;utf-8&quot;?&gt;&#xA;&lt;xsd:schema xmlns:xsd=&quot;http://www.w3.org/2001/XMLSchema&quot; xmlns:infatype=&quot;http://www.informatica.com/types/&quot; elementFormDefault=&quot;unqualified&quot; attributeFormDefault=&quot;unqualified&quot;&gt;&#xA;&lt;xsd:element name=&quot;GroupDetails&quot;&gt;&#xA;&lt;xsd:complexType&gt;&#xA;&lt;xsd:sequence&gt;&#xA;&lt;xsd:element name=&quot;GroupName&quot; type=&quot;xsd:string&quot; infatype:type=&quot;xsd:string&quot; infatype:length=&quot;70&quot;&gt;&#xA;&lt;/xsd:element&gt;&#xA;&lt;xsd:element name=&quot;Street&quot; type=&quot;xsd:string&quot; infatype:type=&quot;xsd:string&quot; infatype:length=&quot;70&quot;&gt;&#xA;&lt;/xsd:element&gt;&#xA;&lt;xsd:element name=&quot;City&quot; type=&quot;xsd:string&quot; infatype:type=&quot;xsd:string&quot; infatype:length=&quot;70&quot;&gt;&#xA;&lt;/xsd:element&gt;&#xA;&lt;xsd:element name=&quot;State&quot; type=&quot;xsd:string&quot; infatype:type=&quot;xsd:string&quot; infatype:length=&quot;70&quot;&gt;&#xA;&lt;/xsd:element&gt;&#xA;&lt;xsd:element name=&quot;Zip&quot; type=&quot;xsd:string&quot; infatype:type=&quot;xsd:string&quot; infatype:length=&quot;70&quot;&gt;&#xA;&lt;/xsd:element&gt;&#xA;&lt;xsd:element name=&quot;Subgrp&quot; minOccurs=&quot;1&quot; maxOccurs=&quot;unbounded&quot;&gt;&#xA;&lt;xsd:complexType&gt;&#xA;&lt;xsd:sequence&gt;&#xA;&lt;xsd:element name=&quot;SubgrpName&quot; type=&quot;xsd:string&quot; infatype:type=&quot;xsd:string&quot; infatype:length=&quot;70&quot;&gt;&#xA;&lt;/xsd:element&gt;&#xA;&lt;xsd:element name=&quot;Subscriber&quot; minOccurs=&quot;1&quot; maxOccurs=&quot;unbounded&quot;&gt;&#xA;&lt;xsd:complexType&gt;&#xA;&lt;xsd:sequence&gt;&#xA;&lt;xsd:element name=&quot;LastName&quot; type=&quot;xsd:string&quot; infatype:type=&quot;xsd:string&quot; infatype:length=&quot;70&quot;&gt;&#xA;&lt;/xsd:element&gt;&#xA;&lt;xsd:element name=&quot;FirstName&quot; type=&quot;xsd:string&quot; infatype:type=&quot;xsd:string&quot; infatype:length=&quot;70&quot;&gt;&#xA;&lt;/xsd:element&gt;&#xA;&lt;/xsd:sequence&gt;&#xA;&lt;/xsd:complexType&gt;&#xA;&lt;/xsd:element&gt;&#xA;&lt;/xsd:sequence&gt;&#xA;&lt;/xsd:complexType&gt;&#xA;&lt;/xsd:element&gt;&#xA;&lt;/xsd:sequence&gt;&#xA;&lt;/xsd:complexType&gt;&#xA;&lt;/xsd:element&gt;&#xA;&#xA;&lt;/xsd:schema&gt;&#xA;" TYPE ="SCHEMA"/>
            <XMLTEXT TEXT ="&lt;?xml version=&quot;1.0&quot; encoding=&quot;utf-8&quot;?&gt;&#xA;&lt;METATABLE version=&quot;7.01&quot;&gt;&#xA;&lt;GROUP GROUPNAME=&quot;X_GroupDetails&quot;&gt;&#xA;&lt;GROUPSAT&gt;GroupDetails&lt;/GROUPSAT&gt;&#xA;&lt;/GROUP&gt;&#xA;&lt;GROUP GROUPNAME=&quot;X_Subgrp&quot;&gt;&#xA;&lt;GROUPSAT&gt;GroupDetails/Subgrp&lt;/GROUPSAT&gt;&#xA;&lt;COLUMN COLUMN_NAME=&quot;FK_GroupDetails&quot; RELATIONSHIP=&quot;hierarchy&quot;/&gt;&#xA;&lt;/GROUP&gt;&#xA;&lt;GROUP GROUPNAME=&quot;X_Subscriber&quot;&gt;&#xA;&lt;GROUPSAT&gt;GroupDetails/Subgrp/Subscriber&lt;/GROUPSAT&gt;&#xA;&lt;COLUMN COLUMN_NAME=&quot;FK_Subgrp&quot; RELATIONSHIP=&quot;hierarchy&quot;/&gt;&#xA;&lt;/GROUP&gt;&#xA;&lt;/METATABLE&gt;&#xA;" TYPE ="TABLE"/>
        </XMLINFO>
        <GROUP DESCRIPTION ="" NAME ="X_GroupDetails" ORDER ="1" TYPE ="INPUT"/>
        <GROUP DESCRIPTION ="" NAME ="X_Subgrp" ORDER ="2" TYPE ="INPUT"/>
        <GROUP DESCRIPTION ="" NAME ="X_Subscriber" ORDER ="3" TYPE ="INPUT"/>
        <TARGETFIELD BUSINESSNAME ="" DATATYPE ="integer" DESCRIPTION ="" FIELDNUMBER ="1" GROUP ="X_GroupDetails" KEYTYPE ="PRIMARY/GROUPLINK KEY" NAME ="XPK_GroupDetails" NULLABLE ="NOTNULL" PICTURETEXT ="" PRECISION ="19" SCALE ="0">
            <FIELDATTRIBUTE NAME ="XML Mapping" VALUE =""/>
            <FIELDATTRIBUTE NAME ="IsElement" VALUE ="0"/>
            <FIELDATTRIBUTE NAME ="PivotNumber" VALUE ="0"/>
            <FIELDATTRIBUTE NAME ="XSDDatatype" VALUE ="simpleType(xsd:integer)"/>
        </TARGETFIELD>
        <TARGETFIELD BUSINESSNAME ="" DATATYPE ="string" DESCRIPTION ="" FIELDNUMBER ="2" GROUP ="X_GroupDetails" KEYTYPE ="NOT A KEY" NAME ="GroupName" NULLABLE ="NULL" PICTURETEXT ="" PRECISION ="70" SCALE ="0">
            <FIELDATTRIBUTE NAME ="XML Mapping" VALUE ="./GroupName"/>
            <FIELDATTRIBUTE NAME ="IsElement" VALUE ="0"/>
            <FIELDATTRIBUTE NAME ="PivotNumber" VALUE ="0"/>
            <FIELDATTRIBUTE NAME ="XSDDatatype" VALUE ="simpleType(xsd:string)"/>
        </TARGETFIELD>
        <TARGETFIELD BUSINESSNAME ="" DATATYPE ="string" DESCRIPTION ="" FIELDNUMBER ="3" GROUP ="X_GroupDetails" KEYTYPE ="NOT A KEY" NAME ="Street" NULLABLE ="NULL" PICTURETEXT ="" PRECISION ="70" SCALE ="0">
            <FIELDATTRIBUTE NAME ="XML Mapping" VALUE ="./Street"/>
            <FIELDATTRIBUTE NAME ="IsElement" VALUE ="0"/>
            <FIELDATTRIBUTE NAME ="PivotNumber" VALUE ="0"/>
            <FIELDATTRIBUTE NAME ="XSDDatatype" VALUE ="simpleType(xsd:string)"/>
        </TARGETFIELD>
        <TARGETFIELD BUSINESSNAME ="" DATATYPE ="string" DESCRIPTION ="" FIELDNUMBER ="4" GROUP ="X_GroupDetails" KEYTYPE ="NOT A KEY" NAME ="City" NULLABLE ="NULL" PICTURETEXT ="" PRECISION ="70" SCALE ="0">
            <FIELDATTRIBUTE NAME ="XML Mapping" VALUE ="./City"/>
            <FIELDATTRIBUTE NAME ="IsElement" VALUE ="0"/>
            <FIELDATTRIBUTE NAME ="PivotNumber" VALUE ="0"/>
            <FIELDATTRIBUTE NAME ="XSDDatatype" VALUE ="simpleType(xsd:string)"/>
        </TARGETFIELD>
        <TARGETFIELD BUSINESSNAME ="" DATATYPE ="string" DESCRIPTION ="" FIELDNUMBER ="5" GROUP ="X_GroupDetails" KEYTYPE ="NOT A KEY" NAME ="State" NULLABLE ="NULL" PICTURETEXT ="" PRECISION ="70" SCALE ="0">
            <FIELDATTRIBUTE NAME ="XML Mapping" VALUE ="./State"/>
            <FIELDATTRIBUTE NAME ="IsElement" VALUE ="0"/>
            <FIELDATTRIBUTE NAME ="PivotNumber" VALUE ="0"/>
            <FIELDATTRIBUTE NAME ="XSDDatatype" VALUE ="simpleType(xsd:string)"/>
        </TARGETFIELD>
        <TARGETFIELD BUSINESSNAME ="" DATATYPE ="string" DESCRIPTION ="" FIELDNUMBER ="6" GROUP ="X_GroupDetails" KEYTYPE ="NOT A KEY" NAME ="Zip" NULLABLE ="NULL" PICTURETEXT ="" PRECISION ="70" SCALE ="0">
            <FIELDATTRIBUTE NAME ="XML Mapping" VALUE ="./Zip"/>
            <FIELDATTRIBUTE NAME ="IsElement" VALUE ="0"/>
            <FIELDATTRIBUTE NAME ="PivotNumber" VALUE ="0"/>
            <FIELDATTRIBUTE NAME ="XSDDatatype" VALUE ="simpleType(xsd:string)"/>
        </TARGETFIELD>
        <TARGETFIELD BUSINESSNAME ="" DATATYPE ="integer" DESCRIPTION ="" FIELDNUMBER ="7" GROUP ="X_Subgrp" KEYTYPE ="PRIMARY/GROUPLINK KEY" NAME ="XPK_Subgrp" NULLABLE ="NOTNULL" PICTURETEXT ="" PRECISION ="19" SCALE ="0">
            <FIELDATTRIBUTE NAME ="XML Mapping" VALUE =""/>
            <FIELDATTRIBUTE NAME ="IsElement" VALUE ="0"/>
            <FIELDATTRIBUTE NAME ="PivotNumber" VALUE ="0"/>
            <FIELDATTRIBUTE NAME ="XSDDatatype" VALUE ="simpleType(xsd:integer)"/>
        </TARGETFIELD>
        <TARGETFIELD BUSINESSNAME ="" DATATYPE ="integer" DESCRIPTION ="" FIELDNUMBER ="8" GROUP ="X_Subgrp" KEYTYPE ="FOREIGN KEY" NAME ="FK_GroupDetails" NULLABLE ="NULL" PICTURETEXT ="" PRECISION ="19" REFERENCEDFIELD ="XPK_GroupDetails" REFERENCEDTABLE ="Welcome_Letter" SCALE ="0">
            <FIELDATTRIBUTE NAME ="XML Mapping" VALUE =""/>
            <FIELDATTRIBUTE NAME ="IsElement" VALUE ="0"/>
            <FIELDATTRIBUTE NAME ="PivotNumber" VALUE ="0"/>
            <FIELDATTRIBUTE NAME ="XSDDatatype" VALUE ="simpleType(xsd:integer)"/>
        </TARGETFIELD>
        <TARGETFIELD BUSINESSNAME ="" DATATYPE ="string" DESCRIPTION ="" FIELDNUMBER ="9" GROUP ="X_Subgrp" KEYTYPE ="NOT A KEY" NAME ="SubgrpName" NULLABLE ="NULL" PICTURETEXT ="" PRECISION ="70" SCALE ="0">
            <FIELDATTRIBUTE NAME ="XML Mapping" VALUE ="./SubgrpName"/>
            <FIELDATTRIBUTE NAME ="IsElement" VALUE ="0"/>
            <FIELDATTRIBUTE NAME ="PivotNumber" VALUE ="0"/>
            <FIELDATTRIBUTE NAME ="XSDDatatype" VALUE ="simpleType(xsd:string)"/>
        </TARGETFIELD>
        <TARGETFIELD BUSINESSNAME ="" DATATYPE ="integer" DESCRIPTION ="" FIELDNUMBER ="10" GROUP ="X_Subscriber" KEYTYPE ="PRIMARY/GROUPLINK KEY" NAME ="XPK_Subscriber" NULLABLE ="NOTNULL" PICTURETEXT ="" PRECISION ="19" SCALE ="0">
            <FIELDATTRIBUTE NAME ="XML Mapping" VALUE =""/>
            <FIELDATTRIBUTE NAME ="IsElement" VALUE ="0"/>
            <FIELDATTRIBUTE NAME ="PivotNumber" VALUE ="0"/>
            <FIELDATTRIBUTE NAME ="XSDDatatype" VALUE ="simpleType(xsd:integer)"/>
        </TARGETFIELD>
        <TARGETFIELD BUSINESSNAME ="" DATATYPE ="integer" DESCRIPTION ="" FIELDNUMBER ="11" GROUP ="X_Subscriber" KEYTYPE ="FOREIGN KEY" NAME ="FK_Subgrp" NULLABLE ="NULL" PICTURETEXT ="" PRECISION ="19" REFERENCEDFIELD ="XPK_Subgrp" REFERENCEDTABLE ="Welcome_Letter" SCALE ="0">
            <FIELDATTRIBUTE NAME ="XML Mapping" VALUE =""/>
            <FIELDATTRIBUTE NAME ="IsElement" VALUE ="0"/>
            <FIELDATTRIBUTE NAME ="PivotNumber" VALUE ="0"/>
            <FIELDATTRIBUTE NAME ="XSDDatatype" VALUE ="simpleType(xsd:integer)"/>
        </TARGETFIELD>
        <TARGETFIELD BUSINESSNAME ="" DATATYPE ="string" DESCRIPTION ="" FIELDNUMBER ="12" GROUP ="X_Subscriber" KEYTYPE ="NOT A KEY" NAME ="LastName" NULLABLE ="NULL" PICTURETEXT ="" PRECISION ="70" SCALE ="0">
            <FIELDATTRIBUTE NAME ="XML Mapping" VALUE ="./LastName"/>
            <FIELDATTRIBUTE NAME ="IsElement" VALUE ="0"/>
            <FIELDATTRIBUTE NAME ="PivotNumber" VALUE ="0"/>
            <FIELDATTRIBUTE NAME ="XSDDatatype" VALUE ="simpleType(xsd:string)"/>
        </TARGETFIELD>
        <TARGETFIELD BUSINESSNAME ="" DATATYPE ="string" DESCRIPTION ="" FIELDNUMBER ="13" GROUP ="X_Subscriber" KEYTYPE ="NOT A KEY" NAME ="FirstName" NULLABLE ="NULL" PICTURETEXT ="" PRECISION ="70" SCALE ="0">
            <FIELDATTRIBUTE NAME ="XML Mapping" VALUE ="./FirstName"/>
            <FIELDATTRIBUTE NAME ="IsElement" VALUE ="0"/>
            <FIELDATTRIBUTE NAME ="PivotNumber" VALUE ="0"/>
            <FIELDATTRIBUTE NAME ="XSDDatatype" VALUE ="simpleType(xsd:string)"/>
        </TARGETFIELD>
        <TABLEATTRIBUTE NAME ="Duplicate Group Row Handling" VALUE ="Last Row"/>
        <TABLEATTRIBUTE NAME ="DTD Reference" VALUE =""/>
        <TABLEATTRIBUTE NAME ="On Commit" VALUE ="Ignore Commit"/>
        <TABLEATTRIBUTE NAME ="Cache Directory" VALUE ="$PMCacheDir"/>
        <TABLEATTRIBUTE NAME ="Cache Size" VALUE ="Auto"/>
        <TABLEATTRIBUTE NAME ="Load Scope" VALUE ="All Input"/>
        <TABLEATTRIBUTE NAME ="Line Endings" VALUE ="System default"/>
    </TARGET>
</FOLDER>
</REPOSITORY>
</POWERMART>