<?xml version="1.0" encoding="Windows-1252"?>
<!-- Informatica proprietary -->
<!DOCTYPE POWERMART SYSTEM "powrmart.dtd">
<POWERMART CREATION_DATE="03/17/2025 17:06:32" REPOSITORY_VERSION="189.98">
<REPOSITORY NAME="REP" VERSION="189" CODEPAGE="MS1252" DATABASETYPE="Oracle">
<FOLDER NAME="Test" GROUP="" OWNER="Administrator" SHARED="NOTSHARED" DESCRIPTION="" PERMISSIONS="rwx---r--" UUID="8218d282-cb8a-40be-9551-42ee51c884c5">
    <SOURCE BUSINESSNAME ="" DATABASETYPE ="Oracle" DBDNAME ="Source" DESCRIPTION ="" NAME ="GROUP_2387464" OBJECTVERSION ="1" OWNERNAME ="SYSTEM" VERSIONNUMBER ="1">
        <SOURCEFIELD BUSINESSNAME ="" DATATYPE ="number(p,s)" DESCRIPTION ="" FIELDNUMBER ="1" FIELDPROPERTY ="0" FIELDTYPE ="ELEMITEM" HIDDEN ="NO" KEYTYPE ="NOT A KEY" LENGTH ="12" LEVEL ="0" NAME ="GRP_SK" NULLABLE ="NOTNULL" OCCURS ="0" OFFSET ="0" PHYSICALLENGTH ="10" PHYSICALOFFSET ="0" PICTURETEXT ="" PRECISION ="10" SCALE ="0" USAGE_FLAGS =""/>
        <SOURCEFIELD BUSINESSNAME ="" DATATYPE ="varchar2" DESCRIPTION ="" FIELDNUMBER ="2" FIELDPROPERTY ="0" FIELDTYPE ="ELEMITEM" HIDDEN ="NO" KEYTYPE ="PRIMARY KEY" LENGTH ="0" LEVEL ="0" NAME ="GROUP_ID" NULLABLE ="NOTNULL" OCCURS ="0" OFFSET ="12" PHYSICALLENGTH ="8" PHYSICALOFFSET ="10" PICTURETEXT ="" PRECISION ="8" SCALE ="0" USAGE_FLAGS =""/>
        <SOURCEFIELD BUSINESSNAME ="" DATATYPE ="varchar2" DESCRIPTION ="" FIELDNUMBER ="3" FIELDPROPERTY ="0" FIELDTYPE ="ELEMITEM" HIDDEN ="NO" KEYTYPE ="NOT A KEY" LENGTH ="0" LEVEL ="0" NAME ="GROUP_NAME" NULLABLE ="NOTNULL" OCCURS ="0" OFFSET ="12" PHYSICALLENGTH ="30" PHYSICALOFFSET ="18" PICTURETEXT ="" PRECISION ="30" SCALE ="0" USAGE_FLAGS =""/>
        <SOURCEFIELD BUSINESSNAME ="" DATATYPE ="date" DESCRIPTION ="" FIELDNUMBER ="4" FIELDPROPERTY ="0" FIELDTYPE ="ELEMITEM" HIDDEN ="NO" KEYTYPE ="NOT A KEY" LENGTH ="19" LEVEL ="0" NAME ="EFF_DT" NULLABLE ="NOTNULL" OCCURS ="0" OFFSET ="12" PHYSICALLENGTH ="19" PHYSICALOFFSET ="48" PICTURETEXT ="" PRECISION ="19" SCALE ="0" USAGE_FLAGS =""/>
        <SOURCEFIELD BUSINESSNAME ="" DATATYPE ="date" DESCRIPTION ="" FIELDNUMBER ="5" FIELDPROPERTY ="0" FIELDTYPE ="ELEMITEM" HIDDEN ="NO" KEYTYPE ="NOT A KEY" LENGTH ="19" LEVEL ="0" NAME ="TERM_DT" NULLABLE ="NOTNULL" OCCURS ="0" OFFSET ="31" PHYSICALLENGTH ="19" PHYSICALOFFSET ="67" PICTURETEXT ="" PRECISION ="19" SCALE ="0" USAGE_FLAGS =""/>
        <SOURCEFIELD BUSINESSNAME ="" DATATYPE ="varchar2" DESCRIPTION ="" FIELDNUMBER ="6" FIELDPROPERTY ="0" FIELDTYPE ="ELEMITEM" HIDDEN ="NO" KEYTYPE ="NOT A KEY" LENGTH ="0" LEVEL ="0" NAME ="STREET" NULLABLE ="NULL" OCCURS ="0" OFFSET ="50" PHYSICALLENGTH ="35" PHYSICALOFFSET ="86" PICTURETEXT ="" PRECISION ="35" SCALE ="0" USAGE_FLAGS =""/>
        <SOURCEFIELD BUSINESSNAME ="" DATATYPE ="varchar2" DESCRIPTION ="" FIELDNUMBER ="7" FIELDPROPERTY ="0" FIELDTYPE ="ELEMITEM" HIDDEN ="NO" KEYTYPE ="NOT A KEY" LENGTH ="0" LEVEL ="0" NAME ="CITY" NULLABLE ="NULL" OCCURS ="0" OFFSET ="50" PHYSICALLENGTH ="15" PHYSICALOFFSET ="121" PICTURETEXT ="" PRECISION ="15" SCALE ="0" USAGE_FLAGS =""/>
        <SOURCEFIELD BUSINESSNAME ="" DATATYPE ="varchar2" DESCRIPTION ="" FIELDNUMBER ="8" FIELDPROPERTY ="0" FIELDTYPE ="ELEMITEM" HIDDEN ="NO" KEYTYPE ="NOT A KEY" LENGTH ="0" LEVEL ="0" NAME ="STATE" NULLABLE ="NULL" OCCURS ="0" OFFSET ="50" PHYSICALLENGTH ="20" PHYSICALOFFSET ="136" PICTURETEXT ="" PRECISION ="20" SCALE ="0" USAGE_FLAGS =""/>
        <SOURCEFIELD BUSINESSNAME ="" DATATYPE ="number(p,s)" DESCRIPTION ="" FIELDNUMBER ="9" FIELDPROPERTY ="0" FIELDTYPE ="ELEMITEM" HIDDEN ="NO" KEYTYPE ="NOT A KEY" LENGTH ="7" LEVEL ="0" NAME ="ZIP" NULLABLE ="NOTNULL" OCCURS ="0" OFFSET ="50" PHYSICALLENGTH ="5" PHYSICALOFFSET ="156" PICTURETEXT ="" PRECISION ="5" SCALE ="0" USAGE_FLAGS =""/>
    </SOURCE>
    <SOURCE BUSINESSNAME ="" DATABASETYPE ="Oracle" DBDNAME ="Source" DESCRIPTION ="" NAME ="SUBGRP_2387464" OBJECTVERSION ="1" OWNERNAME ="SYSTEM" VERSIONNUMBER ="1">
        <SOURCEFIELD BUSINESSNAME ="" DATATYPE ="number(p,s)" DESCRIPTION ="" FIELDNUMBER ="1" FIELDPROPERTY ="0" FIELDTYPE ="ELEMITEM" HIDDEN ="NO" KEYTYPE ="NOT A KEY" LENGTH ="12" LEVEL ="0" NAME ="SUBGRP_SK" NULLABLE ="NOTNULL" OCCURS ="0" OFFSET ="0" PHYSICALLENGTH ="10" PHYSICALOFFSET ="0" PICTURETEXT ="" PRECISION ="10" SCALE ="0" USAGE_FLAGS =""/>
        <SOURCEFIELD BUSINESSNAME ="" DATATYPE ="varchar2" DESCRIPTION ="" FIELDNUMBER ="2" FIELDPROPERTY ="0" FIELDTYPE ="ELEMITEM" HIDDEN ="NO" KEYTYPE ="PRIMARY KEY" LENGTH ="0" LEVEL ="0" NAME ="SUBGRP_ID" NULLABLE ="NOTNULL" OCCURS ="0" OFFSET ="12" PHYSICALLENGTH ="4" PHYSICALOFFSET ="10" PICTURETEXT ="" PRECISION ="4" SCALE ="0" USAGE_FLAGS =""/>
        <SOURCEFIELD BUSINESSNAME ="" DATATYPE ="varchar2" DESCRIPTION ="" FIELDNUMBER ="3" FIELDPROPERTY ="0" FIELDTYPE ="ELEMITEM" HIDDEN ="NO" KEYTYPE ="NOT A KEY" LENGTH ="0" LEVEL ="0" NAME ="SUBGRP_NAME" NULLABLE ="NOTNULL" OCCURS ="0" OFFSET ="12" PHYSICALLENGTH ="30" PHYSICALOFFSET ="14" PICTURETEXT ="" PRECISION ="30" SCALE ="0" USAGE_FLAGS =""/>
        <SOURCEFIELD BUSINESSNAME ="" DATATYPE ="date" DESCRIPTION ="" FIELDNUMBER ="4" FIELDPROPERTY ="0" FIELDTYPE ="ELEMITEM" HIDDEN ="NO" KEYTYPE ="NOT A KEY" LENGTH ="19" LEVEL ="0" NAME ="EFF_DT" NULLABLE ="NOTNULL" OCCURS ="0" OFFSET ="12" PHYSICALLENGTH ="19" PHYSICALOFFSET ="44" PICTURETEXT ="" PRECISION ="19" SCALE ="0" USAGE_FLAGS =""/>
        <SOURCEFIELD BUSINESSNAME ="" DATATYPE ="date" DESCRIPTION ="" FIELDNUMBER ="5" FIELDPROPERTY ="0" FIELDTYPE ="ELEMITEM" HIDDEN ="NO" KEYTYPE ="NOT A KEY" LENGTH ="19" LEVEL ="0" NAME ="TERM_DT" NULLABLE ="NOTNULL" OCCURS ="0" OFFSET ="31" PHYSICALLENGTH ="19" PHYSICALOFFSET ="63" PICTURETEXT ="" PRECISION ="19" SCALE ="0" USAGE_FLAGS =""/>
        <SOURCEFIELD BUSINESSNAME ="" DATATYPE ="varchar2" DESCRIPTION ="" FIELDNUMBER ="6" FIELDPROPERTY ="0" FIELDTYPE ="ELEMITEM" HIDDEN ="NO" KEYTYPE ="FOREIGN KEY" LENGTH ="0" LEVEL ="0" NAME ="GROUP_ID" NULLABLE ="NULL" OCCURS ="0" OFFSET ="50" PHYSICALLENGTH ="8" PHYSICALOFFSET ="82" PICTURETEXT ="" PRECISION ="8" REFERENCEDDBD ="Source" REFERENCEDFIELD ="GROUP_ID" REFERENCEDTABLE ="GROUP_2387464" SCALE ="0" USAGE_FLAGS =""/>
    </SOURCE>
    <SOURCE BUSINESSNAME ="" DATABASETYPE ="Oracle" DBDNAME ="Source" DESCRIPTION ="" NAME ="SUBSCRIBER_2387464" OBJECTVERSION ="1" OWNERNAME ="SYSTEM" VERSIONNUMBER ="1">
        <SOURCEFIELD BUSINESSNAME ="" DATATYPE ="number(p,s)" DESCRIPTION ="" FIELDNUMBER ="1" FIELDPROPERTY ="0" FIELDTYPE ="ELEMITEM" HIDDEN ="NO" KEYTYPE ="NOT A KEY" LENGTH ="12" LEVEL ="0" NAME ="SUB_SK" NULLABLE ="NOTNULL" OCCURS ="0" OFFSET ="0" PHYSICALLENGTH ="10" PHYSICALOFFSET ="0" PICTURETEXT ="" PRECISION ="10" SCALE ="0" USAGE_FLAGS =""/>
        <SOURCEFIELD BUSINESSNAME ="" DATATYPE ="varchar2" DESCRIPTION ="" FIELDNUMBER ="2" FIELDPROPERTY ="0" FIELDTYPE ="ELEMITEM" HIDDEN ="NO" KEYTYPE ="PRIMARY KEY" LENGTH ="0" LEVEL ="0" NAME ="SUB_ID" NULLABLE ="NOTNULL" OCCURS ="0" OFFSET ="12" PHYSICALLENGTH ="9" PHYSICALOFFSET ="10" PICTURETEXT ="" PRECISION ="9" SCALE ="0" USAGE_FLAGS =""/>
        <SOURCEFIELD BUSINESSNAME ="" DATATYPE ="varchar2" DESCRIPTION ="" FIELDNUMBER ="3" FIELDPROPERTY ="0" FIELDTYPE ="ELEMITEM" HIDDEN ="NO" KEYTYPE ="NOT A KEY" LENGTH ="0" LEVEL ="0" NAME ="LAST_NAME" NULLABLE ="NULL" OCCURS ="0" OFFSET ="12" PHYSICALLENGTH ="30" PHYSICALOFFSET ="19" PICTURETEXT ="" PRECISION ="30" SCALE ="0" USAGE_FLAGS =""/>
        <SOURCEFIELD BUSINESSNAME ="" DATATYPE ="varchar2" DESCRIPTION ="" FIELDNUMBER ="4" FIELDPROPERTY ="0" FIELDTYPE ="ELEMITEM" HIDDEN ="NO" KEYTYPE ="NOT A KEY" LENGTH ="0" LEVEL ="0" NAME ="FIRST_NAME" NULLABLE ="NOTNULL" OCCURS ="0" OFFSET ="12" PHYSICALLENGTH ="30" PHYSICALOFFSET ="49" PICTURETEXT ="" PRECISION ="30" SCALE ="0" USAGE_FLAGS =""/>
        <SOURCEFIELD BUSINESSNAME ="" DATATYPE ="varchar2" DESCRIPTION ="" FIELDNUMBER ="5" FIELDPROPERTY ="0" FIELDTYPE ="ELEMITEM" HIDDEN ="NO" KEYTYPE ="NOT A KEY" LENGTH ="0" LEVEL ="0" NAME ="GENDER" NULLABLE ="NOTNULL" OCCURS ="0" OFFSET ="12" PHYSICALLENGTH ="1" PHYSICALOFFSET ="79" PICTURETEXT ="" PRECISION ="1" SCALE ="0" USAGE_FLAGS =""/>
        <SOURCEFIELD BUSINESSNAME ="" DATATYPE ="date" DESCRIPTION ="" FIELDNUMBER ="6" FIELDPROPERTY ="0" FIELDTYPE ="ELEMITEM" HIDDEN ="NO" KEYTYPE ="NOT A KEY" LENGTH ="19" LEVEL ="0" NAME ="BIRTH_DT" NULLABLE ="NOTNULL" OCCURS ="0" OFFSET ="12" PHYSICALLENGTH ="19" PHYSICALOFFSET ="80" PICTURETEXT ="" PRECISION ="19" SCALE ="0" USAGE_FLAGS =""/>
        <SOURCEFIELD BUSINESSNAME ="" DATATYPE ="varchar2" DESCRIPTION ="" FIELDNUMBER ="7" FIELDPROPERTY ="0" FIELDTYPE ="ELEMITEM" HIDDEN ="NO" KEYTYPE ="NOT A KEY" LENGTH ="0" LEVEL ="0" NAME ="SUBGRP_ID" NULLABLE ="NOTNULL" OCCURS ="0" OFFSET ="31" PHYSICALLENGTH ="4" PHYSICALOFFSET ="99" PICTURETEXT ="" PRECISION ="4" SCALE ="0" USAGE_FLAGS =""/>
        <SOURCEFIELD BUSINESSNAME ="" DATATYPE ="varchar2" DESCRIPTION ="" FIELDNUMBER ="8" FIELDPROPERTY ="0" FIELDTYPE ="ELEMITEM" HIDDEN ="NO" KEYTYPE ="NOT A KEY" LENGTH ="0" LEVEL ="0" NAME ="GRP_ID" NULLABLE ="NOTNULL" OCCURS ="0" OFFSET ="31" PHYSICALLENGTH ="8" PHYSICALOFFSET ="103" PICTURETEXT ="" PRECISION ="8" SCALE ="0" USAGE_FLAGS =""/>
        <SOURCEFIELD BUSINESSNAME ="" DATATYPE ="date" DESCRIPTION ="" FIELDNUMBER ="9" FIELDPROPERTY ="0" FIELDTYPE ="ELEMITEM" HIDDEN ="NO" KEYTYPE ="NOT A KEY" LENGTH ="19" LEVEL ="0" NAME ="EFF_DT" NULLABLE ="NOTNULL" OCCURS ="0" OFFSET ="31" PHYSICALLENGTH ="19" PHYSICALOFFSET ="111" PICTURETEXT ="" PRECISION ="19" SCALE ="0" USAGE_FLAGS =""/>
        <SOURCEFIELD BUSINESSNAME ="" DATATYPE ="date" DESCRIPTION ="" FIELDNUMBER ="10" FIELDPROPERTY ="0" FIELDTYPE ="ELEMITEM" HIDDEN ="NO" KEYTYPE ="NOT A KEY" LENGTH ="19" LEVEL ="0" NAME ="TERM_DT" NULLABLE ="NOTNULL" OCCURS ="0" OFFSET ="50" PHYSICALLENGTH ="19" PHYSICALOFFSET ="130" PICTURETEXT ="" PRECISION ="19" SCALE ="0" USAGE_FLAGS =""/>
        <SOURCEFIELD BUSINESSNAME ="" DATATYPE ="varchar2" DESCRIPTION ="" FIELDNUMBER ="11" FIELDPROPERTY ="0" FIELDTYPE ="ELEMITEM" HIDDEN ="NO" KEYTYPE ="NOT A KEY" LENGTH ="0" LEVEL ="0" NAME ="ELIG_IND" NULLABLE ="NOTNULL" OCCURS ="0" OFFSET ="69" PHYSICALLENGTH ="1" PHYSICALOFFSET ="149" PICTURETEXT ="" PRECISION ="1" SCALE ="0" USAGE_FLAGS =""/>
    </SOURCE>
    <TARGET BUSINESSNAME ="" CONSTRAINT ="" CRCVALUE ="2853207589" DATABASETYPE ="XML" DESCRIPTION ="" NAME ="Group_Details" OBJECTVERSION ="1" TABLEOPTIONS ="" VERSIONNUMBER ="1">
        <FLATFILE CODEPAGE ="MS1252" CONSECDELIMITERSASONE ="NO" DELIMITED ="NO" DELIMITERS ="," ESCAPE_CHARACTER ="" KEEPESCAPECHAR ="NO" LINESEQUENTIAL ="NO" MULTIDELIMITERSASAND ="NO" NULLCHARTYPE ="ASCII" NULL_CHARACTER ="*" PADBYTES ="1" QUOTE_CHARACTER ="NONE" REPEATABLE ="NO" ROWDELIMITER ="0" SKIPROWS ="0" STRIPTRAILINGBLANKS ="NO"/>
        <XMLINFO>
            <XMLTEXT TEXT ="&lt;?xml version=&quot;1.0&quot; encoding=&quot;utf-8&quot;?&gt;&#xA;&lt;METASCHEMA ORIGIN=&quot;schema,reposit&quot; version=&quot;7.01&quot;&gt;&#xA;&lt;NAMESPACEINFO NAMESPACE=&quot;&quot; PREFIX=&quot;&quot; ELEMENT-FORM-DEFAULT=&quot;unqualified&quot; ATTRIBUTE-FORM-DEFAULT=&quot;unqualified&quot; ROOTNAMESPACE=&quot;true&quot;&gt;&#xA;&lt;/NAMESPACEINFO&gt;&#xA;&lt;/METASCHEMA&gt;&#xA;" TYPE ="ADAPTER"/>
            <XMLTEXT TEXT ="&lt;?xml version=&quot;1.0&quot; encoding=&quot;utf-8&quot;?&gt;&#xA;&lt;xsd:schema xmlns:xsd=&quot;http://www.w3.org/2001/XMLSchema&quot; xmlns:infatype=&quot;http://www.informatica.com/types/&quot; elementFormDefault=&quot;unqualified&quot; attributeFormDefault=&quot;unqualified&quot;&gt;&#xA;&lt;xsd:element name=&quot;GroupDetails&quot;&gt;&#xA;&lt;xsd:complexType&gt;&#xA;&lt;xsd:sequence&gt;&#xA;&lt;xsd:element name=&quot;GroupName&quot; type=&quot;xsd:string&quot; infatype:type=&quot;xsd:string&quot; infatype:length=&quot;50&quot;&gt;&#xA;&lt;/xsd:element&gt;&#xA;&lt;xsd:element name=&quot;Street&quot; type=&quot;xsd:string&quot; infatype:type=&quot;xsd:string&quot; infatype:length=&quot;50&quot;&gt;&#xA;&lt;/xsd:element&gt;&#xA;&lt;xsd:element name=&quot;City&quot; type=&quot;xsd:string&quot; infatype:type=&quot;xsd:string&quot; infatype:length=&quot;50&quot;&gt;&#xA;&lt;/xsd:element&gt;&#xA;&lt;xsd:element name=&quot;State&quot; type=&quot;xsd:string&quot; infatype:type=&quot;xsd:string&quot; infatype:length=&quot;50&quot;&gt;&#xA;&lt;/xsd:element&gt;&#xA;&lt;xsd:element name=&quot;Zip&quot; type=&quot;xsd:string&quot; infatype:type=&quot;xsd:string&quot; infatype:length=&quot;50&quot;&gt;&#xA;&lt;/xsd:element&gt;&#xA;&lt;xsd:element name=&quot;Subgrp&quot; minOccurs=&quot;1&quot; maxOccurs=&quot;unbounded&quot;&gt;&#xA;&lt;xsd:complexType&gt;&#xA;&lt;xsd:sequence&gt;&#xA;&lt;xsd:element name=&quot;SubgrpName&quot; type=&quot;xsd:string&quot; infatype:type=&quot;xsd:string&quot; infatype:length=&quot;50&quot;&gt;&#xA;&lt;/xsd:element&gt;&#xA;&lt;xsd:element name=&quot;Subscriber&quot; minOccurs=&quot;1&quot; maxOccurs=&quot;unbounded&quot;&gt;&#xA;&lt;xsd:complexType&gt;&#xA;&lt;xsd:sequence&gt;&#xA;&lt;xsd:element name=&quot;LastName&quot; type=&quot;xsd:string&quot; infatype:type=&quot;xsd:string&quot; infatype:length=&quot;50&quot;&gt;&#xA;&lt;/xsd:element&gt;&#xA;&lt;xsd:element name=&quot;FirstName&quot; type=&quot;xsd:string&quot; infatype:type=&quot;xsd:string&quot; infatype:length=&quot;50&quot;&gt;&#xA;&lt;/xsd:element&gt;&#xA;&lt;/xsd:sequence&gt;&#xA;&lt;/xsd:complexType&gt;&#xA;&lt;/xsd:element&gt;&#xA;&lt;/xsd:sequence&gt;&#xA;&lt;/xsd:complexType&gt;&#xA;&lt;/xsd:element&gt;&#xA;&lt;/xsd:sequence&gt;&#xA;&lt;/xsd:complexType&gt;&#xA;&lt;/xsd:element&gt;&#xA;&#xA;&lt;/xsd:schema&gt;&#xA;" TYPE ="SCHEMA"/>
            <XMLTEXT TEXT ="&lt;?xml version=&quot;1.0&quot; encoding=&quot;utf-8&quot;?&gt;&#xA;&lt;METATABLE version=&quot;7.01&quot;&gt;&#xA;&lt;GROUP GROUPNAME=&quot;X_GroupDetails&quot;&gt;&#xA;&lt;GROUPSAT&gt;GroupDetails&lt;/GROUPSAT&gt;&#xA;&lt;/GROUP&gt;&#xA;&lt;GROUP GROUPNAME=&quot;X_Subgrp&quot;&gt;&#xA;&lt;GROUPSAT&gt;GroupDetails/Subgrp&lt;/GROUPSAT&gt;&#xA;&lt;COLUMN COLUMN_NAME=&quot;FK_GroupDetails&quot; RELATIONSHIP=&quot;hierarchy&quot;/&gt;&#xA;&lt;/GROUP&gt;&#xA;&lt;GROUP GROUPNAME=&quot;X_Subscriber&quot;&gt;&#xA;&lt;GROUPSAT&gt;GroupDetails/Subgrp/Subscriber&lt;/GROUPSAT&gt;&#xA;&lt;COLUMN COLUMN_NAME=&quot;FK_Subgrp&quot; RELATIONSHIP=&quot;hierarchy&quot;/&gt;&#xA;&lt;/GROUP&gt;&#xA;&lt;/METATABLE&gt;&#xA;" TYPE ="TABLE"/>
        </XMLINFO>
        <GROUP DESCRIPTION ="" NAME ="X_GroupDetails" ORDER ="1" TYPE ="INPUT"/>
        <GROUP DESCRIPTION ="" NAME ="X_Subgrp" ORDER ="2" TYPE ="INPUT"/>
        <GROUP DESCRIPTION ="" NAME ="X_Subscriber" ORDER ="3" TYPE ="INPUT"/>
        <TARGETFIELD BUSINESSNAME ="" DATATYPE ="integer" DESCRIPTION ="" FIELDNUMBER ="1" GROUP ="X_GroupDetails" KEYTYPE ="PRIMARY/GROUPLINK KEY" NAME ="XPK_GroupDetails" NULLABLE ="NOTNULL" PICTURETEXT ="" PRECISION ="19" SCALE ="0">
            <FIELDATTRIBUTE NAME ="XML Mapping" VALUE =""/>
            <FIELDATTRIBUTE NAME ="IsElement" VALUE ="0"/>
            <FIELDATTRIBUTE NAME ="PivotNumber" VALUE ="0"/>
            <FIELDATTRIBUTE NAME ="XSDDatatype" VALUE ="simpleType(xsd:integer)"/>
        </TARGETFIELD>
        <TARGETFIELD BUSINESSNAME ="" DATATYPE ="string" DESCRIPTION ="" FIELDNUMBER ="2" GROUP ="X_GroupDetails" KEYTYPE ="NOT A KEY" NAME ="GroupName" NULLABLE ="NULL" PICTURETEXT ="" PRECISION ="50" SCALE ="0">
            <FIELDATTRIBUTE NAME ="XML Mapping" VALUE ="./GroupName"/>
            <FIELDATTRIBUTE NAME ="IsElement" VALUE ="0"/>
            <FIELDATTRIBUTE NAME ="PivotNumber" VALUE ="0"/>
            <FIELDATTRIBUTE NAME ="XSDDatatype" VALUE ="simpleType(xsd:string)"/>
        </TARGETFIELD>
        <TARGETFIELD BUSINESSNAME ="" DATATYPE ="string" DESCRIPTION ="" FIELDNUMBER ="3" GROUP ="X_GroupDetails" KEYTYPE ="NOT A KEY" NAME ="Street" NULLABLE ="NULL" PICTURETEXT ="" PRECISION ="50" SCALE ="0">
            <FIELDATTRIBUTE NAME ="XML Mapping" VALUE ="./Street"/>
            <FIELDATTRIBUTE NAME ="IsElement" VALUE ="0"/>
            <FIELDATTRIBUTE NAME ="PivotNumber" VALUE ="0"/>
            <FIELDATTRIBUTE NAME ="XSDDatatype" VALUE ="simpleType(xsd:string)"/>
        </TARGETFIELD>
        <TARGETFIELD BUSINESSNAME ="" DATATYPE ="string" DESCRIPTION ="" FIELDNUMBER ="4" GROUP ="X_GroupDetails" KEYTYPE ="NOT A KEY" NAME ="City" NULLABLE ="NULL" PICTURETEXT ="" PRECISION ="50" SCALE ="0">
            <FIELDATTRIBUTE NAME ="XML Mapping" VALUE ="./City"/>
            <FIELDATTRIBUTE NAME ="IsElement" VALUE ="0"/>
            <FIELDATTRIBUTE NAME ="PivotNumber" VALUE ="0"/>
            <FIELDATTRIBUTE NAME ="XSDDatatype" VALUE ="simpleType(xsd:string)"/>
        </TARGETFIELD>
        <TARGETFIELD BUSINESSNAME ="" DATATYPE ="string" DESCRIPTION ="" FIELDNUMBER ="5" GROUP ="X_GroupDetails" KEYTYPE ="NOT A KEY" NAME ="State" NULLABLE ="NULL" PICTURETEXT ="" PRECISION ="50" SCALE ="0">
            <FIELDATTRIBUTE NAME ="XML Mapping" VALUE ="./State"/>
            <FIELDATTRIBUTE NAME ="IsElement" VALUE ="0"/>
            <FIELDATTRIBUTE NAME ="PivotNumber" VALUE ="0"/>
            <FIELDATTRIBUTE NAME ="XSDDatatype" VALUE ="simpleType(xsd:string)"/>
        </TARGETFIELD>
        <TARGETFIELD BUSINESSNAME ="" DATATYPE ="string" DESCRIPTION ="" FIELDNUMBER ="6" GROUP ="X_GroupDetails" KEYTYPE ="NOT A KEY" NAME ="Zip" NULLABLE ="NULL" PICTURETEXT ="" PRECISION ="50" SCALE ="0">
            <FIELDATTRIBUTE NAME ="XML Mapping" VALUE ="./Zip"/>
            <FIELDATTRIBUTE NAME ="IsElement" VALUE ="0"/>
            <FIELDATTRIBUTE NAME ="PivotNumber" VALUE ="0"/>
            <FIELDATTRIBUTE NAME ="XSDDatatype" VALUE ="simpleType(xsd:string)"/>
        </TARGETFIELD>
        <TARGETFIELD BUSINESSNAME ="" DATATYPE ="integer" DESCRIPTION ="" FIELDNUMBER ="7" GROUP ="X_Subgrp" KEYTYPE ="PRIMARY/GROUPLINK KEY" NAME ="XPK_Subgrp" NULLABLE ="NOTNULL" PICTURETEXT ="" PRECISION ="19" SCALE ="0">
            <FIELDATTRIBUTE NAME ="XML Mapping" VALUE =""/>
            <FIELDATTRIBUTE NAME ="IsElement" VALUE ="0"/>
            <FIELDATTRIBUTE NAME ="PivotNumber" VALUE ="0"/>
            <FIELDATTRIBUTE NAME ="XSDDatatype" VALUE ="simpleType(xsd:integer)"/>
        </TARGETFIELD>
        <TARGETFIELD BUSINESSNAME ="" DATATYPE ="integer" DESCRIPTION ="" FIELDNUMBER ="8" GROUP ="X_Subgrp" KEYTYPE ="FOREIGN KEY" NAME ="FK_GroupDetails" NULLABLE ="NULL" PICTURETEXT ="" PRECISION ="19" REFERENCEDFIELD ="XPK_GroupDetails" REFERENCEDTABLE ="Group_Details" SCALE ="0">
            <FIELDATTRIBUTE NAME ="XML Mapping" VALUE =""/>
            <FIELDATTRIBUTE NAME ="IsElement" VALUE ="0"/>
            <FIELDATTRIBUTE NAME ="PivotNumber" VALUE ="0"/>
            <FIELDATTRIBUTE NAME ="XSDDatatype" VALUE ="simpleType(xsd:integer)"/>
        </TARGETFIELD>
        <TARGETFIELD BUSINESSNAME ="" DATATYPE ="string" DESCRIPTION ="" FIELDNUMBER ="9" GROUP ="X_Subgrp" KEYTYPE ="NOT A KEY" NAME ="SubgrpName" NULLABLE ="NULL" PICTURETEXT ="" PRECISION ="50" SCALE ="0">
            <FIELDATTRIBUTE NAME ="XML Mapping" VALUE ="./SubgrpName"/>
            <FIELDATTRIBUTE NAME ="IsElement" VALUE ="0"/>
            <FIELDATTRIBUTE NAME ="PivotNumber" VALUE ="0"/>
            <FIELDATTRIBUTE NAME ="XSDDatatype" VALUE ="simpleType(xsd:string)"/>
        </TARGETFIELD>
        <TARGETFIELD BUSINESSNAME ="" DATATYPE ="integer" DESCRIPTION ="" FIELDNUMBER ="10" GROUP ="X_Subscriber" KEYTYPE ="PRIMARY/GROUPLINK KEY" NAME ="XPK_Subscriber" NULLABLE ="NOTNULL" PICTURETEXT ="" PRECISION ="19" SCALE ="0">
            <FIELDATTRIBUTE NAME ="XML Mapping" VALUE =""/>
            <FIELDATTRIBUTE NAME ="IsElement" VALUE ="0"/>
            <FIELDATTRIBUTE NAME ="PivotNumber" VALUE ="0"/>
            <FIELDATTRIBUTE NAME ="XSDDatatype" VALUE ="simpleType(xsd:integer)"/>
        </TARGETFIELD>
        <TARGETFIELD BUSINESSNAME ="" DATATYPE ="integer" DESCRIPTION ="" FIELDNUMBER ="11" GROUP ="X_Subscriber" KEYTYPE ="FOREIGN KEY" NAME ="FK_Subgrp" NULLABLE ="NULL" PICTURETEXT ="" PRECISION ="19" REFERENCEDFIELD ="XPK_Subgrp" REFERENCEDTABLE ="Group_Details" SCALE ="0">
            <FIELDATTRIBUTE NAME ="XML Mapping" VALUE =""/>
            <FIELDATTRIBUTE NAME ="IsElement" VALUE ="0"/>
            <FIELDATTRIBUTE NAME ="PivotNumber" VALUE ="0"/>
            <FIELDATTRIBUTE NAME ="XSDDatatype" VALUE ="simpleType(xsd:integer)"/>
        </TARGETFIELD>
        <TARGETFIELD BUSINESSNAME ="" DATATYPE ="string" DESCRIPTION ="" FIELDNUMBER ="12" GROUP ="X_Subscriber" KEYTYPE ="NOT A KEY" NAME ="LastName" NULLABLE ="NULL" PICTURETEXT ="" PRECISION ="50" SCALE ="0">
            <FIELDATTRIBUTE NAME ="XML Mapping" VALUE ="./LastName"/>
            <FIELDATTRIBUTE NAME ="IsElement" VALUE ="0"/>
            <FIELDATTRIBUTE NAME ="PivotNumber" VALUE ="0"/>
            <FIELDATTRIBUTE NAME ="XSDDatatype" VALUE ="simpleType(xsd:string)"/>
        </TARGETFIELD>
        <TARGETFIELD BUSINESSNAME ="" DATATYPE ="string" DESCRIPTION ="" FIELDNUMBER ="13" GROUP ="X_Subscriber" KEYTYPE ="NOT A KEY" NAME ="FirstName" NULLABLE ="NULL" PICTURETEXT ="" PRECISION ="50" SCALE ="0">
            <FIELDATTRIBUTE NAME ="XML Mapping" VALUE ="./FirstName"/>
            <FIELDATTRIBUTE NAME ="IsElement" VALUE ="0"/>
            <FIELDATTRIBUTE NAME ="PivotNumber" VALUE ="0"/>
            <FIELDATTRIBUTE NAME ="XSDDatatype" VALUE ="simpleType(xsd:string)"/>
        </TARGETFIELD>
        <TABLEATTRIBUTE NAME ="Duplicate Group Row Handling" VALUE ="Last Row"/>
        <TABLEATTRIBUTE NAME ="DTD Reference" VALUE =""/>
        <TABLEATTRIBUTE NAME ="On Commit" VALUE ="Ignore Commit"/>
        <TABLEATTRIBUTE NAME ="Cache Directory" VALUE ="$PMCacheDir"/>
        <TABLEATTRIBUTE NAME ="Cache Size" VALUE ="Auto"/>
        <TABLEATTRIBUTE NAME ="Load Scope" VALUE ="All Input"/>
        <TABLEATTRIBUTE NAME ="Line Endings" VALUE ="System default"/>
    </TARGET>
    <MAPPING DESCRIPTION ="" ISVALID ="YES" NAME ="m_2387464_WELCOME_LETTER" OBJECTVERSION ="1" VERSIONNUMBER ="1">
        <TRANSFORMATION DESCRIPTION ="" NAME ="SQ_GROUP_2387464" OBJECTVERSION ="1" REUSABLE ="NO" TYPE ="Source Qualifier" VERSIONNUMBER ="1">
            <TRANSFORMFIELD DATATYPE ="decimal" DEFAULTVALUE ="" DESCRIPTION ="" NAME ="GRP_SK" PICTURETEXT ="" PORTTYPE ="INPUT/OUTPUT" PRECISION ="10" SCALE ="0"/>
            <TRANSFORMFIELD DATATYPE ="string" DEFAULTVALUE ="" DESCRIPTION ="" NAME ="GROUP_ID" PICTURETEXT ="" PORTTYPE ="INPUT/OUTPUT" PRECISION ="8" SCALE ="0"/>
            <TRANSFORMFIELD DATATYPE ="string" DEFAULTVALUE ="" DESCRIPTION ="" NAME ="GROUP_NAME" PICTURETEXT ="" PORTTYPE ="INPUT/OUTPUT" PRECISION ="30" SCALE ="0"/>
            <TRANSFORMFIELD DATATYPE ="date/time" DEFAULTVALUE ="" DESCRIPTION ="" NAME ="EFF_DT" PICTURETEXT ="" PORTTYPE ="INPUT/OUTPUT" PRECISION ="29" SCALE ="9"/>
            <TRANSFORMFIELD DATATYPE ="date/time" DEFAULTVALUE ="" DESCRIPTION ="" NAME ="TERM_DT" PICTURETEXT ="" PORTTYPE ="INPUT/OUTPUT" PRECISION ="29" SCALE ="9"/>
            <TRANSFORMFIELD DATATYPE ="string" DEFAULTVALUE ="" DESCRIPTION ="" NAME ="STREET" PICTURETEXT ="" PORTTYPE ="INPUT/OUTPUT" PRECISION ="35" SCALE ="0"/>
            <TRANSFORMFIELD DATATYPE ="string" DEFAULTVALUE ="" DESCRIPTION ="" NAME ="CITY" PICTURETEXT ="" PORTTYPE ="INPUT/OUTPUT" PRECISION ="15" SCALE ="0"/>
            <TRANSFORMFIELD DATATYPE ="string" DEFAULTVALUE ="" DESCRIPTION ="" NAME ="STATE" PICTURETEXT ="" PORTTYPE ="INPUT/OUTPUT" PRECISION ="20" SCALE ="0"/>
            <TRANSFORMFIELD DATATYPE ="decimal" DEFAULTVALUE ="" DESCRIPTION ="" NAME ="ZIP" PICTURETEXT ="" PORTTYPE ="INPUT/OUTPUT" PRECISION ="5" SCALE ="0"/>
            <TABLEATTRIBUTE NAME ="Sql Query" VALUE =""/>
            <TABLEATTRIBUTE NAME ="User Defined Join" VALUE =""/>
            <TABLEATTRIBUTE NAME ="Source Filter" VALUE =""/>
            <TABLEATTRIBUTE NAME ="Number Of Sorted Ports" VALUE ="0"/>
            <TABLEATTRIBUTE NAME ="Tracing Level" VALUE ="Normal"/>
            <TABLEATTRIBUTE NAME ="Select Distinct" VALUE ="NO"/>
            <TABLEATTRIBUTE NAME ="Is Partitionable" VALUE ="NO"/>
            <TABLEATTRIBUTE NAME ="Pre SQL" VALUE =""/>
            <TABLEATTRIBUTE NAME ="Post SQL" VALUE =""/>
            <TABLEATTRIBUTE NAME ="Output is deterministic" VALUE ="NO"/>
            <TABLEATTRIBUTE NAME ="Output is repeatable" VALUE ="Never"/>
        </TRANSFORMATION>
        <TRANSFORMATION DESCRIPTION ="" NAME ="SQ_SUBGRP_2387464" OBJECTVERSION ="1" REUSABLE ="NO" TYPE ="Source Qualifier" VERSIONNUMBER ="1">
            <TRANSFORMFIELD DATATYPE ="decimal" DEFAULTVALUE ="" DESCRIPTION ="" NAME ="SUBGRP_SK" PICTURETEXT ="" PORTTYPE ="INPUT/OUTPUT" PRECISION ="10" SCALE ="0"/>
            <TRANSFORMFIELD DATATYPE ="string" DEFAULTVALUE ="" DESCRIPTION ="" NAME ="SUBGRP_ID" PICTURETEXT ="" PORTTYPE ="INPUT/OUTPUT" PRECISION ="4" SCALE ="0"/>
            <TRANSFORMFIELD DATATYPE ="string" DEFAULTVALUE ="" DESCRIPTION ="" NAME ="SUBGRP_NAME" PICTURETEXT ="" PORTTYPE ="INPUT/OUTPUT" PRECISION ="30" SCALE ="0"/>
            <TRANSFORMFIELD DATATYPE ="date/time" DEFAULTVALUE ="" DESCRIPTION ="" NAME ="EFF_DT" PICTURETEXT ="" PORTTYPE ="INPUT/OUTPUT" PRECISION ="29" SCALE ="9"/>
            <TRANSFORMFIELD DATATYPE ="date/time" DEFAULTVALUE ="" DESCRIPTION ="" NAME ="TERM_DT" PICTURETEXT ="" PORTTYPE ="INPUT/OUTPUT" PRECISION ="29" SCALE ="9"/>
            <TRANSFORMFIELD DATATYPE ="string" DEFAULTVALUE ="" DESCRIPTION ="" NAME ="GROUP_ID" PICTURETEXT ="" PORTTYPE ="INPUT/OUTPUT" PRECISION ="8" SCALE ="0"/>
            <TABLEATTRIBUTE NAME ="Sql Query" VALUE =""/>
            <TABLEATTRIBUTE NAME ="User Defined Join" VALUE =""/>
            <TABLEATTRIBUTE NAME ="Source Filter" VALUE =""/>
            <TABLEATTRIBUTE NAME ="Number Of Sorted Ports" VALUE ="0"/>
            <TABLEATTRIBUTE NAME ="Tracing Level" VALUE ="Normal"/>
            <TABLEATTRIBUTE NAME ="Select Distinct" VALUE ="NO"/>
            <TABLEATTRIBUTE NAME ="Is Partitionable" VALUE ="NO"/>
            <TABLEATTRIBUTE NAME ="Pre SQL" VALUE =""/>
            <TABLEATTRIBUTE NAME ="Post SQL" VALUE =""/>
            <TABLEATTRIBUTE NAME ="Output is deterministic" VALUE ="NO"/>
            <TABLEATTRIBUTE NAME ="Output is repeatable" VALUE ="Never"/>
        </TRANSFORMATION>
        <TRANSFORMATION DESCRIPTION ="" NAME ="SQ_SUBSCRIBER_2387464" OBJECTVERSION ="1" REUSABLE ="NO" TYPE ="Source Qualifier" VERSIONNUMBER ="1">
            <TRANSFORMFIELD DATATYPE ="decimal" DEFAULTVALUE ="" DESCRIPTION ="" NAME ="SUB_SK" PICTURETEXT ="" PORTTYPE ="INPUT/OUTPUT" PRECISION ="10" SCALE ="0"/>
            <TRANSFORMFIELD DATATYPE ="string" DEFAULTVALUE ="" DESCRIPTION ="" NAME ="SUB_ID" PICTURETEXT ="" PORTTYPE ="INPUT/OUTPUT" PRECISION ="9" SCALE ="0"/>
            <TRANSFORMFIELD DATATYPE ="string" DEFAULTVALUE ="" DESCRIPTION ="" NAME ="LAST_NAME" PICTURETEXT ="" PORTTYPE ="INPUT/OUTPUT" PRECISION ="30" SCALE ="0"/>
            <TRANSFORMFIELD DATATYPE ="string" DEFAULTVALUE ="" DESCRIPTION ="" NAME ="FIRST_NAME" PICTURETEXT ="" PORTTYPE ="INPUT/OUTPUT" PRECISION ="30" SCALE ="0"/>
            <TRANSFORMFIELD DATATYPE ="string" DEFAULTVALUE ="" DESCRIPTION ="" NAME ="GENDER" PICTURETEXT ="" PORTTYPE ="INPUT/OUTPUT" PRECISION ="1" SCALE ="0"/>
            <TRANSFORMFIELD DATATYPE ="date/time" DEFAULTVALUE ="" DESCRIPTION ="" NAME ="BIRTH_DT" PICTURETEXT ="" PORTTYPE ="INPUT/OUTPUT" PRECISION ="29" SCALE ="9"/>
            <TRANSFORMFIELD DATATYPE ="string" DEFAULTVALUE ="" DESCRIPTION ="" NAME ="SUBGRP_ID" PICTURETEXT ="" PORTTYPE ="INPUT/OUTPUT" PRECISION ="4" SCALE ="0"/>
            <TRANSFORMFIELD DATATYPE ="string" DEFAULTVALUE ="" DESCRIPTION ="" NAME ="GRP_ID" PICTURETEXT ="" PORTTYPE ="INPUT/OUTPUT" PRECISION ="8" SCALE ="0"/>
            <TRANSFORMFIELD DATATYPE ="date/time" DEFAULTVALUE ="" DESCRIPTION ="" NAME ="EFF_DT" PICTURETEXT ="" PORTTYPE ="INPUT/OUTPUT" PRECISION ="29" SCALE ="9"/>
            <TRANSFORMFIELD DATATYPE ="date/time" DEFAULTVALUE ="" DESCRIPTION ="" NAME ="TERM_DT" PICTURETEXT ="" PORTTYPE ="INPUT/OUTPUT" PRECISION ="29" SCALE ="9"/>
            <TRANSFORMFIELD DATATYPE ="string" DEFAULTVALUE ="" DESCRIPTION ="" NAME ="ELIG_IND" PICTURETEXT ="" PORTTYPE ="INPUT/OUTPUT" PRECISION ="1" SCALE ="0"/>
            <TABLEATTRIBUTE NAME ="Sql Query" VALUE =""/>
            <TABLEATTRIBUTE NAME ="User Defined Join" VALUE =""/>
            <TABLEATTRIBUTE NAME ="Source Filter" VALUE =""/>
            <TABLEATTRIBUTE NAME ="Number Of Sorted Ports" VALUE ="0"/>
            <TABLEATTRIBUTE NAME ="Tracing Level" VALUE ="Normal"/>
            <TABLEATTRIBUTE NAME ="Select Distinct" VALUE ="NO"/>
            <TABLEATTRIBUTE NAME ="Is Partitionable" VALUE ="NO"/>
            <TABLEATTRIBUTE NAME ="Pre SQL" VALUE =""/>
            <TABLEATTRIBUTE NAME ="Post SQL" VALUE =""/>
            <TABLEATTRIBUTE NAME ="Output is deterministic" VALUE ="NO"/>
            <TABLEATTRIBUTE NAME ="Output is repeatable" VALUE ="Never"/>
        </TRANSFORMATION>
        <TRANSFORMATION DESCRIPTION ="" NAME ="JNR_WELCOME1" OBJECTVERSION ="1" REUSABLE ="NO" TYPE ="Joiner" VERSIONNUMBER ="1">
            <TRANSFORMFIELD DATATYPE ="string" DEFAULTVALUE ="" DESCRIPTION ="" NAME ="GROUP_ID" PICTURETEXT ="" PORTTYPE ="INPUT/OUTPUT" PRECISION ="8" SCALE ="0"/>
            <TRANSFORMFIELD DATATYPE ="string" DEFAULTVALUE ="" DESCRIPTION ="" NAME ="STREET" PICTURETEXT ="" PORTTYPE ="INPUT/OUTPUT" PRECISION ="35" SCALE ="0"/>
            <TRANSFORMFIELD DATATYPE ="string" DEFAULTVALUE ="" DESCRIPTION ="" NAME ="CITY" PICTURETEXT ="" PORTTYPE ="INPUT/OUTPUT" PRECISION ="15" SCALE ="0"/>
            <TRANSFORMFIELD DATATYPE ="string" DEFAULTVALUE ="" DESCRIPTION ="" NAME ="STATE" PICTURETEXT ="" PORTTYPE ="INPUT/OUTPUT" PRECISION ="20" SCALE ="0"/>
            <TRANSFORMFIELD DATATYPE ="decimal" DEFAULTVALUE ="" DESCRIPTION ="" NAME ="ZIP" PICTURETEXT ="" PORTTYPE ="INPUT/OUTPUT" PRECISION ="5" SCALE ="0"/>
            <TRANSFORMFIELD DATATYPE ="string" DEFAULTVALUE ="" DESCRIPTION ="" NAME ="SUBGRP_ID" PICTURETEXT ="" PORTTYPE ="INPUT/OUTPUT/MASTER" PRECISION ="4" SCALE ="0"/>
            <TRANSFORMFIELD DATATYPE ="string" DEFAULTVALUE ="" DESCRIPTION ="" NAME ="SUBGRP_NAME" PICTURETEXT ="" PORTTYPE ="INPUT/OUTPUT/MASTER" PRECISION ="30" SCALE ="0"/>
            <TRANSFORMFIELD DATATYPE ="string" DEFAULTVALUE ="" DESCRIPTION ="" NAME ="GROUP_ID1" PICTURETEXT ="" PORTTYPE ="INPUT/OUTPUT/MASTER" PRECISION ="8" SCALE ="0"/>
            <TABLEATTRIBUTE NAME ="Case Sensitive String Comparison" VALUE ="YES"/>
            <TABLEATTRIBUTE NAME ="Cache Directory" VALUE ="$PMCacheDir"/>
            <TABLEATTRIBUTE NAME ="Join Condition" VALUE ="GROUP_ID1 = GROUP_ID"/>
            <TABLEATTRIBUTE NAME ="Join Type" VALUE ="Normal Join"/>
            <TABLEATTRIBUTE NAME ="Null ordering in master" VALUE ="Null Is Highest Value"/>
            <TABLEATTRIBUTE NAME ="Null ordering in detail" VALUE ="Null Is Highest Value"/>
            <TABLEATTRIBUTE NAME ="Tracing Level" VALUE ="Normal"/>
            <TABLEATTRIBUTE NAME ="Joiner Data Cache Size" VALUE ="Auto"/>
            <TABLEATTRIBUTE NAME ="Joiner Index Cache Size" VALUE ="Auto"/>
            <TABLEATTRIBUTE NAME ="Sorted Input" VALUE ="NO"/>
            <TABLEATTRIBUTE NAME ="Master Sort Order" VALUE ="Auto"/>
            <TABLEATTRIBUTE NAME ="Transformation Scope" VALUE ="All Input"/>
        </TRANSFORMATION>
        <TRANSFORMATION DESCRIPTION ="" NAME ="JNR_WELCOME2" OBJECTVERSION ="1" REUSABLE ="NO" TYPE ="Joiner" VERSIONNUMBER ="1">
            <TRANSFORMFIELD DATATYPE ="string" DEFAULTVALUE ="" DESCRIPTION ="" NAME ="GROUP_ID" PICTURETEXT ="" PORTTYPE ="INPUT/OUTPUT" PRECISION ="8" SCALE ="0"/>
            <TRANSFORMFIELD DATATYPE ="string" DEFAULTVALUE ="" DESCRIPTION ="" NAME ="STREET" PICTURETEXT ="" PORTTYPE ="INPUT/OUTPUT" PRECISION ="35" SCALE ="0"/>
            <TRANSFORMFIELD DATATYPE ="string" DEFAULTVALUE ="" DESCRIPTION ="" NAME ="CITY" PICTURETEXT ="" PORTTYPE ="INPUT/OUTPUT" PRECISION ="15" SCALE ="0"/>
            <TRANSFORMFIELD DATATYPE ="string" DEFAULTVALUE ="" DESCRIPTION ="" NAME ="STATE" PICTURETEXT ="" PORTTYPE ="INPUT/OUTPUT" PRECISION ="20" SCALE ="0"/>
            <TRANSFORMFIELD DATATYPE ="decimal" DEFAULTVALUE ="" DESCRIPTION ="" NAME ="ZIP" PICTURETEXT ="" PORTTYPE ="INPUT/OUTPUT" PRECISION ="5" SCALE ="0"/>
            <TRANSFORMFIELD DATATYPE ="string" DEFAULTVALUE ="" DESCRIPTION ="" NAME ="SUBGRP_ID" PICTURETEXT ="" PORTTYPE ="INPUT/OUTPUT" PRECISION ="4" SCALE ="0"/>
            <TRANSFORMFIELD DATATYPE ="string" DEFAULTVALUE ="" DESCRIPTION ="" NAME ="SUBGRP_NAME" PICTURETEXT ="" PORTTYPE ="INPUT/OUTPUT" PRECISION ="30" SCALE ="0"/>
            <TRANSFORMFIELD DATATYPE ="string" DEFAULTVALUE ="" DESCRIPTION ="" NAME ="SUB_ID" PICTURETEXT ="" PORTTYPE ="INPUT/OUTPUT/MASTER" PRECISION ="9" SCALE ="0"/>
            <TRANSFORMFIELD DATATYPE ="string" DEFAULTVALUE ="" DESCRIPTION ="" NAME ="LAST_NAME" PICTURETEXT ="" PORTTYPE ="INPUT/OUTPUT/MASTER" PRECISION ="30" SCALE ="0"/>
            <TRANSFORMFIELD DATATYPE ="string" DEFAULTVALUE ="" DESCRIPTION ="" NAME ="FIRST_NAME" PICTURETEXT ="" PORTTYPE ="INPUT/OUTPUT/MASTER" PRECISION ="30" SCALE ="0"/>
            <TRANSFORMFIELD DATATYPE ="string" DEFAULTVALUE ="" DESCRIPTION ="" NAME ="SUBGRP_ID1" PICTURETEXT ="" PORTTYPE ="INPUT/OUTPUT/MASTER" PRECISION ="4" SCALE ="0"/>
            <TRANSFORMFIELD DATATYPE ="string" DEFAULTVALUE ="" DESCRIPTION ="" NAME ="GRP_ID" PICTURETEXT ="" PORTTYPE ="INPUT/OUTPUT/MASTER" PRECISION ="8" SCALE ="0"/>
            <TABLEATTRIBUTE NAME ="Case Sensitive String Comparison" VALUE ="YES"/>
            <TABLEATTRIBUTE NAME ="Cache Directory" VALUE ="$PMCacheDir"/>
            <TABLEATTRIBUTE NAME ="Join Condition" VALUE ="GRP_ID = GROUP_ID AND SUBGRP_ID1 = SUBGRP_ID"/>
            <TABLEATTRIBUTE NAME ="Join Type" VALUE ="Normal Join"/>
            <TABLEATTRIBUTE NAME ="Null ordering in master" VALUE ="Null Is Highest Value"/>
            <TABLEATTRIBUTE NAME ="Null ordering in detail" VALUE ="Null Is Highest Value"/>
            <TABLEATTRIBUTE NAME ="Tracing Level" VALUE ="Normal"/>
            <TABLEATTRIBUTE NAME ="Joiner Data Cache Size" VALUE ="Auto"/>
            <TABLEATTRIBUTE NAME ="Joiner Index Cache Size" VALUE ="Auto"/>
            <TABLEATTRIBUTE NAME ="Sorted Input" VALUE ="NO"/>
            <TABLEATTRIBUTE NAME ="Master Sort Order" VALUE ="Auto"/>
            <TABLEATTRIBUTE NAME ="Transformation Scope" VALUE ="All Input"/>
        </TRANSFORMATION>
        <INSTANCE DESCRIPTION ="" NAME ="Group_Details" TRANSFORMATION_NAME ="Group_Details" TRANSFORMATION_TYPE ="Target Definition" TYPE ="TARGET"/>
        <INSTANCE DBDNAME ="Source" DESCRIPTION ="" NAME ="GROUP_2387464" TRANSFORMATION_NAME ="GROUP_2387464" TRANSFORMATION_TYPE ="Source Definition" TYPE ="SOURCE"/>
        <INSTANCE DESCRIPTION ="" NAME ="SQ_GROUP_2387464" REUSABLE ="NO" TRANSFORMATION_NAME ="SQ_GROUP_2387464" TRANSFORMATION_TYPE ="Source Qualifier" TYPE ="TRANSFORMATION">
            <ASSOCIATED_SOURCE_INSTANCE NAME ="GROUP_2387464"/>
        </INSTANCE>
        <INSTANCE DBDNAME ="Source" DESCRIPTION ="" NAME ="SUBGRP_2387464" TRANSFORMATION_NAME ="SUBGRP_2387464" TRANSFORMATION_TYPE ="Source Definition" TYPE ="SOURCE"/>
        <INSTANCE DESCRIPTION ="" NAME ="SQ_SUBGRP_2387464" REUSABLE ="NO" TRANSFORMATION_NAME ="SQ_SUBGRP_2387464" TRANSFORMATION_TYPE ="Source Qualifier" TYPE ="TRANSFORMATION">
            <ASSOCIATED_SOURCE_INSTANCE NAME ="SUBGRP_2387464"/>
        </INSTANCE>
        <INSTANCE DBDNAME ="Source" DESCRIPTION ="" NAME ="SUBSCRIBER_2387464" TRANSFORMATION_NAME ="SUBSCRIBER_2387464" TRANSFORMATION_TYPE ="Source Definition" TYPE ="SOURCE"/>
        <INSTANCE DESCRIPTION ="" NAME ="SQ_SUBSCRIBER_2387464" REUSABLE ="NO" TRANSFORMATION_NAME ="SQ_SUBSCRIBER_2387464" TRANSFORMATION_TYPE ="Source Qualifier" TYPE ="TRANSFORMATION">
            <ASSOCIATED_SOURCE_INSTANCE NAME ="SUBSCRIBER_2387464"/>
        </INSTANCE>
        <INSTANCE DESCRIPTION ="" NAME ="JNR_WELCOME1" REUSABLE ="NO" TRANSFORMATION_NAME ="JNR_WELCOME1" TRANSFORMATION_TYPE ="Joiner" TYPE ="TRANSFORMATION"/>
        <INSTANCE DESCRIPTION ="" NAME ="JNR_WELCOME2" REUSABLE ="NO" TRANSFORMATION_NAME ="JNR_WELCOME2" TRANSFORMATION_TYPE ="Joiner" TYPE ="TRANSFORMATION"/>
        <CONNECTOR FROMFIELD ="GROUP_ID" FROMINSTANCE ="JNR_WELCOME2" FROMINSTANCETYPE ="Joiner" TOFIELD ="XPK_GroupDetails" TOINSTANCE ="Group_Details" TOINSTANCETYPE ="Target Definition"/>
        <CONNECTOR FROMFIELD ="GROUP_ID" FROMINSTANCE ="JNR_WELCOME2" FROMINSTANCETYPE ="Joiner" TOFIELD ="GroupName" TOINSTANCE ="Group_Details" TOINSTANCETYPE ="Target Definition"/>
        <CONNECTOR FROMFIELD ="GROUP_ID" FROMINSTANCE ="JNR_WELCOME2" FROMINSTANCETYPE ="Joiner" TOFIELD ="FK_GroupDetails" TOINSTANCE ="Group_Details" TOINSTANCETYPE ="Target Definition"/>
        <CONNECTOR FROMFIELD ="STREET" FROMINSTANCE ="JNR_WELCOME2" FROMINSTANCETYPE ="Joiner" TOFIELD ="Street" TOINSTANCE ="Group_Details" TOINSTANCETYPE ="Target Definition"/>
        <CONNECTOR FROMFIELD ="CITY" FROMINSTANCE ="JNR_WELCOME2" FROMINSTANCETYPE ="Joiner" TOFIELD ="City" TOINSTANCE ="Group_Details" TOINSTANCETYPE ="Target Definition"/>
        <CONNECTOR FROMFIELD ="STATE" FROMINSTANCE ="JNR_WELCOME2" FROMINSTANCETYPE ="Joiner" TOFIELD ="State" TOINSTANCE ="Group_Details" TOINSTANCETYPE ="Target Definition"/>
        <CONNECTOR FROMFIELD ="ZIP" FROMINSTANCE ="JNR_WELCOME2" FROMINSTANCETYPE ="Joiner" TOFIELD ="Zip" TOINSTANCE ="Group_Details" TOINSTANCETYPE ="Target Definition"/>
        <CONNECTOR FROMFIELD ="SUBGRP_ID" FROMINSTANCE ="JNR_WELCOME2" FROMINSTANCETYPE ="Joiner" TOFIELD ="XPK_Subgrp" TOINSTANCE ="Group_Details" TOINSTANCETYPE ="Target Definition"/>
        <CONNECTOR FROMFIELD ="SUBGRP_NAME" FROMINSTANCE ="JNR_WELCOME2" FROMINSTANCETYPE ="Joiner" TOFIELD ="SubgrpName" TOINSTANCE ="Group_Details" TOINSTANCETYPE ="Target Definition"/>
        <CONNECTOR FROMFIELD ="LAST_NAME" FROMINSTANCE ="JNR_WELCOME2" FROMINSTANCETYPE ="Joiner" TOFIELD ="LastName" TOINSTANCE ="Group_Details" TOINSTANCETYPE ="Target Definition"/>
        <CONNECTOR FROMFIELD ="FIRST_NAME" FROMINSTANCE ="JNR_WELCOME2" FROMINSTANCETYPE ="Joiner" TOFIELD ="FirstName" TOINSTANCE ="Group_Details" TOINSTANCETYPE ="Target Definition"/>
        <CONNECTOR FROMFIELD ="SUB_ID" FROMINSTANCE ="JNR_WELCOME2" FROMINSTANCETYPE ="Joiner" TOFIELD ="XPK_Subscriber" TOINSTANCE ="Group_Details" TOINSTANCETYPE ="Target Definition"/>
        <CONNECTOR FROMFIELD ="SUBGRP_ID1" FROMINSTANCE ="JNR_WELCOME2" FROMINSTANCETYPE ="Joiner" TOFIELD ="FK_Subgrp" TOINSTANCE ="Group_Details" TOINSTANCETYPE ="Target Definition"/>
        <CONNECTOR FROMFIELD ="GRP_SK" FROMINSTANCE ="GROUP_2387464" FROMINSTANCETYPE ="Source Definition" TOFIELD ="GRP_SK" TOINSTANCE ="SQ_GROUP_2387464" TOINSTANCETYPE ="Source Qualifier"/>
        <CONNECTOR FROMFIELD ="GROUP_ID" FROMINSTANCE ="GROUP_2387464" FROMINSTANCETYPE ="Source Definition" TOFIELD ="GROUP_ID" TOINSTANCE ="SQ_GROUP_2387464" TOINSTANCETYPE ="Source Qualifier"/>
        <CONNECTOR FROMFIELD ="GROUP_NAME" FROMINSTANCE ="GROUP_2387464" FROMINSTANCETYPE ="Source Definition" TOFIELD ="GROUP_NAME" TOINSTANCE ="SQ_GROUP_2387464" TOINSTANCETYPE ="Source Qualifier"/>
        <CONNECTOR FROMFIELD ="EFF_DT" FROMINSTANCE ="GROUP_2387464" FROMINSTANCETYPE ="Source Definition" TOFIELD ="EFF_DT" TOINSTANCE ="SQ_GROUP_2387464" TOINSTANCETYPE ="Source Qualifier"/>
        <CONNECTOR FROMFIELD ="TERM_DT" FROMINSTANCE ="GROUP_2387464" FROMINSTANCETYPE ="Source Definition" TOFIELD ="TERM_DT" TOINSTANCE ="SQ_GROUP_2387464" TOINSTANCETYPE ="Source Qualifier"/>
        <CONNECTOR FROMFIELD ="STREET" FROMINSTANCE ="GROUP_2387464" FROMINSTANCETYPE ="Source Definition" TOFIELD ="STREET" TOINSTANCE ="SQ_GROUP_2387464" TOINSTANCETYPE ="Source Qualifier"/>
        <CONNECTOR FROMFIELD ="CITY" FROMINSTANCE ="GROUP_2387464" FROMINSTANCETYPE ="Source Definition" TOFIELD ="CITY" TOINSTANCE ="SQ_GROUP_2387464" TOINSTANCETYPE ="Source Qualifier"/>
        <CONNECTOR FROMFIELD ="STATE" FROMINSTANCE ="GROUP_2387464" FROMINSTANCETYPE ="Source Definition" TOFIELD ="STATE" TOINSTANCE ="SQ_GROUP_2387464" TOINSTANCETYPE ="Source Qualifier"/>
        <CONNECTOR FROMFIELD ="ZIP" FROMINSTANCE ="GROUP_2387464" FROMINSTANCETYPE ="Source Definition" TOFIELD ="ZIP" TOINSTANCE ="SQ_GROUP_2387464" TOINSTANCETYPE ="Source Qualifier"/>
        <CONNECTOR FROMFIELD ="GROUP_ID" FROMINSTANCE ="SQ_GROUP_2387464" FROMINSTANCETYPE ="Source Qualifier" TOFIELD ="GROUP_ID" TOINSTANCE ="JNR_WELCOME1" TOINSTANCETYPE ="Joiner"/>
        <CONNECTOR FROMFIELD ="STREET" FROMINSTANCE ="SQ_GROUP_2387464" FROMINSTANCETYPE ="Source Qualifier" TOFIELD ="STREET" TOINSTANCE ="JNR_WELCOME1" TOINSTANCETYPE ="Joiner"/>
        <CONNECTOR FROMFIELD ="CITY" FROMINSTANCE ="SQ_GROUP_2387464" FROMINSTANCETYPE ="Source Qualifier" TOFIELD ="CITY" TOINSTANCE ="JNR_WELCOME1" TOINSTANCETYPE ="Joiner"/>
        <CONNECTOR FROMFIELD ="STATE" FROMINSTANCE ="SQ_GROUP_2387464" FROMINSTANCETYPE ="Source Qualifier" TOFIELD ="STATE" TOINSTANCE ="JNR_WELCOME1" TOINSTANCETYPE ="Joiner"/>
        <CONNECTOR FROMFIELD ="ZIP" FROMINSTANCE ="SQ_GROUP_2387464" FROMINSTANCETYPE ="Source Qualifier" TOFIELD ="ZIP" TOINSTANCE ="JNR_WELCOME1" TOINSTANCETYPE ="Joiner"/>
        <CONNECTOR FROMFIELD ="SUBGRP_SK" FROMINSTANCE ="SUBGRP_2387464" FROMINSTANCETYPE ="Source Definition" TOFIELD ="SUBGRP_SK" TOINSTANCE ="SQ_SUBGRP_2387464" TOINSTANCETYPE ="Source Qualifier"/>
        <CONNECTOR FROMFIELD ="SUBGRP_ID" FROMINSTANCE ="SUBGRP_2387464" FROMINSTANCETYPE ="Source Definition" TOFIELD ="SUBGRP_ID" TOINSTANCE ="SQ_SUBGRP_2387464" TOINSTANCETYPE ="Source Qualifier"/>
        <CONNECTOR FROMFIELD ="SUBGRP_NAME" FROMINSTANCE ="SUBGRP_2387464" FROMINSTANCETYPE ="Source Definition" TOFIELD ="SUBGRP_NAME" TOINSTANCE ="SQ_SUBGRP_2387464" TOINSTANCETYPE ="Source Qualifier"/>
        <CONNECTOR FROMFIELD ="EFF_DT" FROMINSTANCE ="SUBGRP_2387464" FROMINSTANCETYPE ="Source Definition" TOFIELD ="EFF_DT" TOINSTANCE ="SQ_SUBGRP_2387464" TOINSTANCETYPE ="Source Qualifier"/>
        <CONNECTOR FROMFIELD ="TERM_DT" FROMINSTANCE ="SUBGRP_2387464" FROMINSTANCETYPE ="Source Definition" TOFIELD ="TERM_DT" TOINSTANCE ="SQ_SUBGRP_2387464" TOINSTANCETYPE ="Source Qualifier"/>
        <CONNECTOR FROMFIELD ="GROUP_ID" FROMINSTANCE ="SUBGRP_2387464" FROMINSTANCETYPE ="Source Definition" TOFIELD ="GROUP_ID" TOINSTANCE ="SQ_SUBGRP_2387464" TOINSTANCETYPE ="Source Qualifier"/>
        <CONNECTOR FROMFIELD ="SUBGRP_ID" FROMINSTANCE ="SQ_SUBGRP_2387464" FROMINSTANCETYPE ="Source Qualifier" TOFIELD ="SUBGRP_ID" TOINSTANCE ="JNR_WELCOME1" TOINSTANCETYPE ="Joiner"/>
        <CONNECTOR FROMFIELD ="SUBGRP_NAME" FROMINSTANCE ="SQ_SUBGRP_2387464" FROMINSTANCETYPE ="Source Qualifier" TOFIELD ="SUBGRP_NAME" TOINSTANCE ="JNR_WELCOME1" TOINSTANCETYPE ="Joiner"/>
        <CONNECTOR FROMFIELD ="GROUP_ID" FROMINSTANCE ="SQ_SUBGRP_2387464" FROMINSTANCETYPE ="Source Qualifier" TOFIELD ="GROUP_ID1" TOINSTANCE ="JNR_WELCOME1" TOINSTANCETYPE ="Joiner"/>
        <CONNECTOR FROMFIELD ="LAST_NAME" FROMINSTANCE ="SUBSCRIBER_2387464" FROMINSTANCETYPE ="Source Definition" TOFIELD ="LAST_NAME" TOINSTANCE ="SQ_SUBSCRIBER_2387464" TOINSTANCETYPE ="Source Qualifier"/>
        <CONNECTOR FROMFIELD ="FIRST_NAME" FROMINSTANCE ="SUBSCRIBER_2387464" FROMINSTANCETYPE ="Source Definition" TOFIELD ="FIRST_NAME" TOINSTANCE ="SQ_SUBSCRIBER_2387464" TOINSTANCETYPE ="Source Qualifier"/>
        <CONNECTOR FROMFIELD ="GENDER" FROMINSTANCE ="SUBSCRIBER_2387464" FROMINSTANCETYPE ="Source Definition" TOFIELD ="GENDER" TOINSTANCE ="SQ_SUBSCRIBER_2387464" TOINSTANCETYPE ="Source Qualifier"/>
        <CONNECTOR FROMFIELD ="BIRTH_DT" FROMINSTANCE ="SUBSCRIBER_2387464" FROMINSTANCETYPE ="Source Definition" TOFIELD ="BIRTH_DT" TOINSTANCE ="SQ_SUBSCRIBER_2387464" TOINSTANCETYPE ="Source Qualifier"/>
        <CONNECTOR FROMFIELD ="SUBGRP_ID" FROMINSTANCE ="SUBSCRIBER_2387464" FROMINSTANCETYPE ="Source Definition" TOFIELD ="SUBGRP_ID" TOINSTANCE ="SQ_SUBSCRIBER_2387464" TOINSTANCETYPE ="Source Qualifier"/>
        <CONNECTOR FROMFIELD ="GRP_ID" FROMINSTANCE ="SUBSCRIBER_2387464" FROMINSTANCETYPE ="Source Definition" TOFIELD ="GRP_ID" TOINSTANCE ="SQ_SUBSCRIBER_2387464" TOINSTANCETYPE ="Source Qualifier"/>
        <CONNECTOR FROMFIELD ="SUB_SK" FROMINSTANCE ="SUBSCRIBER_2387464" FROMINSTANCETYPE ="Source Definition" TOFIELD ="SUB_SK" TOINSTANCE ="SQ_SUBSCRIBER_2387464" TOINSTANCETYPE ="Source Qualifier"/>
        <CONNECTOR FROMFIELD ="SUB_ID" FROMINSTANCE ="SUBSCRIBER_2387464" FROMINSTANCETYPE ="Source Definition" TOFIELD ="SUB_ID" TOINSTANCE ="SQ_SUBSCRIBER_2387464" TOINSTANCETYPE ="Source Qualifier"/>
        <CONNECTOR FROMFIELD ="EFF_DT" FROMINSTANCE ="SUBSCRIBER_2387464" FROMINSTANCETYPE ="Source Definition" TOFIELD ="EFF_DT" TOINSTANCE ="SQ_SUBSCRIBER_2387464" TOINSTANCETYPE ="Source Qualifier"/>
        <CONNECTOR FROMFIELD ="TERM_DT" FROMINSTANCE ="SUBSCRIBER_2387464" FROMINSTANCETYPE ="Source Definition" TOFIELD ="TERM_DT" TOINSTANCE ="SQ_SUBSCRIBER_2387464" TOINSTANCETYPE ="Source Qualifier"/>
        <CONNECTOR FROMFIELD ="ELIG_IND" FROMINSTANCE ="SUBSCRIBER_2387464" FROMINSTANCETYPE ="Source Definition" TOFIELD ="ELIG_IND" TOINSTANCE ="SQ_SUBSCRIBER_2387464" TOINSTANCETYPE ="Source Qualifier"/>
        <CONNECTOR FROMFIELD ="SUB_ID" FROMINSTANCE ="SQ_SUBSCRIBER_2387464" FROMINSTANCETYPE ="Source Qualifier" TOFIELD ="SUB_ID" TOINSTANCE ="JNR_WELCOME2" TOINSTANCETYPE ="Joiner"/>
        <CONNECTOR FROMFIELD ="LAST_NAME" FROMINSTANCE ="SQ_SUBSCRIBER_2387464" FROMINSTANCETYPE ="Source Qualifier" TOFIELD ="LAST_NAME" TOINSTANCE ="JNR_WELCOME2" TOINSTANCETYPE ="Joiner"/>
        <CONNECTOR FROMFIELD ="FIRST_NAME" FROMINSTANCE ="SQ_SUBSCRIBER_2387464" FROMINSTANCETYPE ="Source Qualifier" TOFIELD ="FIRST_NAME" TOINSTANCE ="JNR_WELCOME2" TOINSTANCETYPE ="Joiner"/>
        <CONNECTOR FROMFIELD ="SUBGRP_ID" FROMINSTANCE ="SQ_SUBSCRIBER_2387464" FROMINSTANCETYPE ="Source Qualifier" TOFIELD ="SUBGRP_ID1" TOINSTANCE ="JNR_WELCOME2" TOINSTANCETYPE ="Joiner"/>
        <CONNECTOR FROMFIELD ="GRP_ID" FROMINSTANCE ="SQ_SUBSCRIBER_2387464" FROMINSTANCETYPE ="Source Qualifier" TOFIELD ="GRP_ID" TOINSTANCE ="JNR_WELCOME2" TOINSTANCETYPE ="Joiner"/>
        <CONNECTOR FROMFIELD ="GROUP_ID" FROMINSTANCE ="JNR_WELCOME1" FROMINSTANCETYPE ="Joiner" TOFIELD ="GROUP_ID" TOINSTANCE ="JNR_WELCOME2" TOINSTANCETYPE ="Joiner"/>
        <CONNECTOR FROMFIELD ="STREET" FROMINSTANCE ="JNR_WELCOME1" FROMINSTANCETYPE ="Joiner" TOFIELD ="STREET" TOINSTANCE ="JNR_WELCOME2" TOINSTANCETYPE ="Joiner"/>
        <CONNECTOR FROMFIELD ="CITY" FROMINSTANCE ="JNR_WELCOME1" FROMINSTANCETYPE ="Joiner" TOFIELD ="CITY" TOINSTANCE ="JNR_WELCOME2" TOINSTANCETYPE ="Joiner"/>
        <CONNECTOR FROMFIELD ="STATE" FROMINSTANCE ="JNR_WELCOME1" FROMINSTANCETYPE ="Joiner" TOFIELD ="STATE" TOINSTANCE ="JNR_WELCOME2" TOINSTANCETYPE ="Joiner"/>
        <CONNECTOR FROMFIELD ="ZIP" FROMINSTANCE ="JNR_WELCOME1" FROMINSTANCETYPE ="Joiner" TOFIELD ="ZIP" TOINSTANCE ="JNR_WELCOME2" TOINSTANCETYPE ="Joiner"/>
        <CONNECTOR FROMFIELD ="SUBGRP_ID" FROMINSTANCE ="JNR_WELCOME1" FROMINSTANCETYPE ="Joiner" TOFIELD ="SUBGRP_ID" TOINSTANCE ="JNR_WELCOME2" TOINSTANCETYPE ="Joiner"/>
        <CONNECTOR FROMFIELD ="SUBGRP_NAME" FROMINSTANCE ="JNR_WELCOME1" FROMINSTANCETYPE ="Joiner" TOFIELD ="SUBGRP_NAME" TOINSTANCE ="JNR_WELCOME2" TOINSTANCETYPE ="Joiner"/>
        <TARGETLOADORDER ORDER ="1" TARGETINSTANCE ="Group_Details"/>
        <ERPINFO/>
    </MAPPING>
</FOLDER>
</REPOSITORY>
</POWERMART>