<?xml version="1.0" encoding="Windows-1252"?>
<!-- Informatica proprietary -->
<!DOCTYPE POWERMART SYSTEM "powrmart.dtd">
<POWERMART CREATION_DATE="03/05/2025 10:56:35" REPOSITORY_VERSION="189.98">
<REPOSITORY NAME="REP" VERSION="189" CODEPAGE="MS1252" DATABASETYPE="Oracle">
<FOLDER NAME="Test" GROUP="" OWNER="Administrator" SHARED="NOTSHARED" DESCRIPTION="" PERMISSIONS="rwx---r--" UUID="8218d282-cb8a-40be-9551-42ee51c884c5">
    <SOURCE BUSINESSNAME ="" DATABASETYPE ="Flat File" DBDNAME ="FlatFile" DESCRIPTION ="" NAME ="INSURANCE_MOCK_DATA_2#" OBJECTVERSION ="1" OWNERNAME ="" VERSIONNUMBER ="1">
        <FLATFILE CODEPAGE ="MS1252" CONSECDELIMITERSASONE ="NO" DELIMITED ="YES" DELIMITERS ="," ESCAPE_CHARACTER ="" KEEPESCAPECHAR ="NO" LINESEQUENTIAL ="NO" MULTIDELIMITERSASAND ="NO" NULLCHARTYPE ="ASCII" NULL_CHARACTER ="*" PADBYTES ="1" QUOTE_CHARACTER ="DOUBLE" REPEATABLE ="NO" ROWDELIMITER ="0" SHIFTSENSITIVEDATA ="NO" SKIPROWS ="1" STRIPTRAILINGBLANKS ="NO"/>
        <TABLEATTRIBUTE NAME ="Base Table Name" VALUE =""/>
        <TABLEATTRIBUTE NAME ="Search Specification" VALUE =""/>
        <TABLEATTRIBUTE NAME ="Sort Specification" VALUE =""/>
        <TABLEATTRIBUTE NAME ="Datetime Format" VALUE ="A  19 mm/dd/yyyy hh24:mi:ss"/>
        <TABLEATTRIBUTE NAME ="Thousand Separator" VALUE ="None"/>
        <TABLEATTRIBUTE NAME ="Decimal Separator" VALUE ="."/>
        <TABLEATTRIBUTE NAME ="Add Currently Processed Flat File Name Port" VALUE ="NO"/>
        <TABLEATTRIBUTE NAME ="Source TimeStamp" VALUE =""/>
        <SOURCEFIELD BUSINESSNAME ="" DATATYPE ="number" DESCRIPTION ="" FIELDNUMBER ="1" FIELDPROPERTY ="0" FIELDTYPE ="ELEMITEM" HIDDEN ="NO" KEYTYPE ="NOT A KEY" LENGTH ="10" LEVEL ="0" NAME ="POLICY_NUMBER" NULLABLE ="NULL" OCCURS ="0" OFFSET ="0" PHYSICALLENGTH ="10" PHYSICALOFFSET ="0" PICTURETEXT ="" PRECISION ="10" SCALE ="0" USAGE_FLAGS =""/>
        <SOURCEFIELD BUSINESSNAME ="" DATATYPE ="string" DESCRIPTION ="" FIELDNUMBER ="2" FIELDPROPERTY ="0" FIELDTYPE ="ELEMITEM" HIDDEN ="NO" KEYTYPE ="NOT A KEY" LENGTH ="13" LEVEL ="0" NAME ="BRAND_CAR" NULLABLE ="NULL" OCCURS ="0" OFFSET ="10" PHYSICALLENGTH ="13" PHYSICALOFFSET ="10" PICTURETEXT ="" PRECISION ="13" SCALE ="0" USAGE_FLAGS =""/>
        <SOURCEFIELD BUSINESSNAME ="" DATATYPE ="string" DESCRIPTION ="" FIELDNUMBER ="3" FIELDPROPERTY ="0" FIELDTYPE ="ELEMITEM" HIDDEN ="NO" KEYTYPE ="NOT A KEY" LENGTH ="20" LEVEL ="0" NAME ="CAR_MODEL" NULLABLE ="NULL" OCCURS ="0" OFFSET ="23" PHYSICALLENGTH ="20" PHYSICALOFFSET ="23" PICTURETEXT ="" PRECISION ="20" SCALE ="0" USAGE_FLAGS =""/>
        <SOURCEFIELD BUSINESSNAME ="" DATATYPE ="number" DESCRIPTION ="" FIELDNUMBER ="4" FIELDPROPERTY ="0" FIELDTYPE ="ELEMITEM" HIDDEN ="NO" KEYTYPE ="NOT A KEY" LENGTH ="4" LEVEL ="0" NAME ="YEAR_OF_MAKE" NULLABLE ="NULL" OCCURS ="0" OFFSET ="43" PHYSICALLENGTH ="4" PHYSICALOFFSET ="43" PICTURETEXT ="" PRECISION ="4" SCALE ="0" USAGE_FLAGS =""/>
        <SOURCEFIELD BUSINESSNAME ="" DATATYPE ="string" DESCRIPTION ="" FIELDNUMBER ="5" FIELDPROPERTY ="0" FIELDTYPE ="ELEMITEM" HIDDEN ="NO" KEYTYPE ="NOT A KEY" LENGTH ="17" LEVEL ="0" NAME ="ENGINE_NUMBER" NULLABLE ="NULL" OCCURS ="0" OFFSET ="47" PHYSICALLENGTH ="17" PHYSICALOFFSET ="47" PICTURETEXT ="" PRECISION ="17" SCALE ="0" USAGE_FLAGS =""/>
    </SOURCE>
    <SOURCE BUSINESSNAME ="" DATABASETYPE ="Flat File" DBDNAME ="FlatFile" DESCRIPTION ="" NAME ="INSURANCE_MOCK_DATA_1#" OBJECTVERSION ="1" OWNERNAME ="" VERSIONNUMBER ="1">
        <FLATFILE CODEPAGE ="MS1252" CONSECDELIMITERSASONE ="NO" DELIMITED ="YES" DELIMITERS ="," ESCAPE_CHARACTER ="" KEEPESCAPECHAR ="NO" LINESEQUENTIAL ="NO" MULTIDELIMITERSASAND ="NO" NULLCHARTYPE ="ASCII" NULL_CHARACTER ="*" PADBYTES ="1" QUOTE_CHARACTER ="DOUBLE" REPEATABLE ="NO" ROWDELIMITER ="0" SHIFTSENSITIVEDATA ="NO" SKIPROWS ="1" STRIPTRAILINGBLANKS ="NO"/>
        <TABLEATTRIBUTE NAME ="Base Table Name" VALUE =""/>
        <TABLEATTRIBUTE NAME ="Search Specification" VALUE =""/>
        <TABLEATTRIBUTE NAME ="Sort Specification" VALUE =""/>
        <TABLEATTRIBUTE NAME ="Datetime Format" VALUE ="A  19 mm/dd/yyyy hh24:mi:ss"/>
        <TABLEATTRIBUTE NAME ="Thousand Separator" VALUE ="None"/>
        <TABLEATTRIBUTE NAME ="Decimal Separator" VALUE ="."/>
        <TABLEATTRIBUTE NAME ="Add Currently Processed Flat File Name Port" VALUE ="NO"/>
        <TABLEATTRIBUTE NAME ="Source TimeStamp" VALUE =""/>
        <SOURCEFIELD BUSINESSNAME ="" DATATYPE ="number" DESCRIPTION ="" FIELDNUMBER ="1" FIELDPROPERTY ="0" FIELDTYPE ="ELEMITEM" HIDDEN ="NO" KEYTYPE ="NOT A KEY" LENGTH ="5" LEVEL ="0" NAME ="INS_ID" NULLABLE ="NULL" OCCURS ="0" OFFSET ="0" PHYSICALLENGTH ="5" PHYSICALOFFSET ="0" PICTURETEXT ="" PRECISION ="5" SCALE ="0" USAGE_FLAGS =""/>
        <SOURCEFIELD BUSINESSNAME ="" DATATYPE ="string" DESCRIPTION ="" FIELDNUMBER ="2" FIELDPROPERTY ="0" FIELDTYPE ="ELEMITEM" HIDDEN ="NO" KEYTYPE ="NOT A KEY" LENGTH ="12" LEVEL ="0" NAME ="FIRST_NAME" NULLABLE ="NULL" OCCURS ="0" OFFSET ="5" PHYSICALLENGTH ="12" PHYSICALOFFSET ="5" PICTURETEXT ="" PRECISION ="12" SCALE ="0" USAGE_FLAGS =""/>
        <SOURCEFIELD BUSINESSNAME ="" DATATYPE ="string" DESCRIPTION ="" FIELDNUMBER ="3" FIELDPROPERTY ="0" FIELDTYPE ="ELEMITEM" HIDDEN ="NO" KEYTYPE ="NOT A KEY" LENGTH ="17" LEVEL ="0" NAME ="LAST_NAME" NULLABLE ="NULL" OCCURS ="0" OFFSET ="17" PHYSICALLENGTH ="17" PHYSICALOFFSET ="17" PICTURETEXT ="" PRECISION ="17" SCALE ="0" USAGE_FLAGS =""/>
        <SOURCEFIELD BUSINESSNAME ="" DATATYPE ="string" DESCRIPTION ="" FIELDNUMBER ="4" FIELDPROPERTY ="0" FIELDTYPE ="ELEMITEM" HIDDEN ="NO" KEYTYPE ="NOT A KEY" LENGTH ="6" LEVEL ="0" NAME ="GENDER" NULLABLE ="NULL" OCCURS ="0" OFFSET ="34" PHYSICALLENGTH ="6" PHYSICALOFFSET ="34" PICTURETEXT ="" PRECISION ="6" SCALE ="0" USAGE_FLAGS =""/>
        <SOURCEFIELD BUSINESSNAME ="" DATATYPE ="string" DESCRIPTION ="" FIELDNUMBER ="5" FIELDPROPERTY ="0" FIELDTYPE ="ELEMITEM" HIDDEN ="NO" KEYTYPE ="NOT A KEY" LENGTH ="14" LEVEL ="0" NAME ="COUNTRY" NULLABLE ="NULL" OCCURS ="0" OFFSET ="40" PHYSICALLENGTH ="14" PHYSICALOFFSET ="40" PICTURETEXT ="" PRECISION ="14" SCALE ="0" USAGE_FLAGS =""/>
        <SOURCEFIELD BUSINESSNAME ="" DATATYPE ="string" DESCRIPTION ="" FIELDNUMBER ="6" FIELDPROPERTY ="0" FIELDTYPE ="ELEMITEM" HIDDEN ="NO" KEYTYPE ="NOT A KEY" LENGTH ="10" LEVEL ="0" NAME ="DOB" NULLABLE ="NULL" OCCURS ="0" OFFSET ="54" PHYSICALLENGTH ="10" PHYSICALOFFSET ="54" PICTURETEXT ="" PRECISION ="10" SCALE ="0" USAGE_FLAGS =""/>
        <SOURCEFIELD BUSINESSNAME ="" DATATYPE ="string" DESCRIPTION ="" FIELDNUMBER ="7" FIELDPROPERTY ="0" FIELDTYPE ="ELEMITEM" HIDDEN ="NO" KEYTYPE ="NOT A KEY" LENGTH ="35" LEVEL ="0" NAME ="EMAIL" NULLABLE ="NULL" OCCURS ="0" OFFSET ="64" PHYSICALLENGTH ="35" PHYSICALOFFSET ="64" PICTURETEXT ="" PRECISION ="35" SCALE ="0" USAGE_FLAGS =""/>
        <SOURCEFIELD BUSINESSNAME ="" DATATYPE ="string" DESCRIPTION ="" FIELDNUMBER ="8" FIELDPROPERTY ="0" FIELDTYPE ="ELEMITEM" HIDDEN ="NO" KEYTYPE ="NOT A KEY" LENGTH ="12" LEVEL ="0" NAME ="PHONE_NUMBER" NULLABLE ="NULL" OCCURS ="0" OFFSET ="99" PHYSICALLENGTH ="12" PHYSICALOFFSET ="99" PICTURETEXT ="" PRECISION ="12" SCALE ="0" USAGE_FLAGS =""/>
        <SOURCEFIELD BUSINESSNAME ="" DATATYPE ="number" DESCRIPTION ="" FIELDNUMBER ="9" FIELDPROPERTY ="0" FIELDTYPE ="ELEMITEM" HIDDEN ="NO" KEYTYPE ="NOT A KEY" LENGTH ="10" LEVEL ="0" NAME ="POLICY_NUMBER" NULLABLE ="NULL" OCCURS ="0" OFFSET ="111" PHYSICALLENGTH ="10" PHYSICALOFFSET ="111" PICTURETEXT ="" PRECISION ="10" SCALE ="0" USAGE_FLAGS =""/>
        <SOURCEFIELD BUSINESSNAME ="" DATATYPE ="string" DESCRIPTION ="" FIELDNUMBER ="10" FIELDPROPERTY ="0" FIELDTYPE ="ELEMITEM" HIDDEN ="NO" KEYTYPE ="NOT A KEY" LENGTH ="25" LEVEL ="0" NAME ="BENEFICIARY_NAME" NULLABLE ="NULL" OCCURS ="0" OFFSET ="121" PHYSICALLENGTH ="25" PHYSICALOFFSET ="121" PICTURETEXT ="" PRECISION ="25" SCALE ="0" USAGE_FLAGS =""/>
        <SOURCEFIELD BUSINESSNAME ="" DATATYPE ="string" DESCRIPTION ="" FIELDNUMBER ="11" FIELDPROPERTY ="0" FIELDTYPE ="ELEMITEM" HIDDEN ="NO" KEYTYPE ="NOT A KEY" LENGTH ="8" LEVEL ="0" NAME ="POLICY_AMOUNT" NULLABLE ="NULL" OCCURS ="0" OFFSET ="146" PHYSICALLENGTH ="8" PHYSICALOFFSET ="146" PICTURETEXT ="" PRECISION ="8" SCALE ="0" USAGE_FLAGS =""/>
        <SOURCEFIELD BUSINESSNAME ="" DATATYPE ="string" DESCRIPTION ="" FIELDNUMBER ="12" FIELDPROPERTY ="0" FIELDTYPE ="ELEMITEM" HIDDEN ="NO" KEYTYPE ="NOT A KEY" LENGTH ="10" LEVEL ="0" NAME ="POLICY_END_DATE" NULLABLE ="NULL" OCCURS ="0" OFFSET ="154" PHYSICALLENGTH ="10" PHYSICALOFFSET ="154" PICTURETEXT ="" PRECISION ="10" SCALE ="0" USAGE_FLAGS =""/>
    </SOURCE>
    <TARGET BUSINESSNAME ="" CONSTRAINT ="" DATABASETYPE ="Flat File" DESCRIPTION ="" NAME ="INS_DETAIL1" OBJECTVERSION ="1" TABLEOPTIONS ="" VERSIONNUMBER ="1">
        <FLATFILE CODEPAGE ="MS1252" CONSECDELIMITERSASONE ="NO" DELIMITED ="YES" DELIMITERS ="~" ESCAPE_CHARACTER ="" KEEPESCAPECHAR ="NO" LINESEQUENTIAL ="NO" MULTIDELIMITERSASAND ="NO" NULLCHARTYPE ="ASCII" NULL_CHARACTER ="*" PADBYTES ="1" QUOTE_CHARACTER ="NONE" REPEATABLE ="NO" ROWDELIMITER ="0" SKIPROWS ="0" STRIPTRAILINGBLANKS ="NO"/>
        <TARGETFIELD BUSINESSNAME ="" DATATYPE ="int" DESCRIPTION ="" FIELDNUMBER ="1" KEYTYPE ="NOT A KEY" NAME ="INS_ID" NULLABLE ="NULL" PICTURETEXT ="" PRECISION ="10" SCALE ="0"/>
        <TARGETFIELD BUSINESSNAME ="" DATATYPE ="string" DESCRIPTION ="" FIELDNUMBER ="2" KEYTYPE ="NOT A KEY" NAME ="FIRST_NAME" NULLABLE ="NULL" PICTURETEXT ="" PRECISION ="10" SCALE ="0"/>
        <TARGETFIELD BUSINESSNAME ="" DATATYPE ="string" DESCRIPTION ="" FIELDNUMBER ="3" KEYTYPE ="NOT A KEY" NAME ="LAST_NAME" NULLABLE ="NULL" PICTURETEXT ="" PRECISION ="10" SCALE ="0"/>
        <TARGETFIELD BUSINESSNAME ="" DATATYPE ="string" DESCRIPTION ="" FIELDNUMBER ="4" KEYTYPE ="NOT A KEY" NAME ="GENDER" NULLABLE ="NULL" PICTURETEXT ="" PRECISION ="10" SCALE ="0"/>
        <TARGETFIELD BUSINESSNAME ="" DATATYPE ="string" DESCRIPTION ="" FIELDNUMBER ="5" KEYTYPE ="NOT A KEY" NAME ="COUNTRY" NULLABLE ="NULL" PICTURETEXT ="" PRECISION ="10" SCALE ="0"/>
        <TARGETFIELD BUSINESSNAME ="" DATATYPE ="string" DESCRIPTION ="" FIELDNUMBER ="6" KEYTYPE ="NOT A KEY" NAME ="DOB" NULLABLE ="NULL" PICTURETEXT ="" PRECISION ="10" SCALE ="0"/>
        <TARGETFIELD BUSINESSNAME ="" DATATYPE ="string" DESCRIPTION ="" FIELDNUMBER ="7" KEYTYPE ="NOT A KEY" NAME ="EMAIL" NULLABLE ="NULL" PICTURETEXT ="" PRECISION ="10" SCALE ="0"/>
        <TARGETFIELD BUSINESSNAME ="" DATATYPE ="string" DESCRIPTION ="" FIELDNUMBER ="8" KEYTYPE ="NOT A KEY" NAME ="PHONE_NUMBER" NULLABLE ="NULL" PICTURETEXT ="" PRECISION ="10" SCALE ="0"/>
        <TARGETFIELD BUSINESSNAME ="" DATATYPE ="string" DESCRIPTION ="" FIELDNUMBER ="9" KEYTYPE ="NOT A KEY" NAME ="POLICY_AMOUNT" NULLABLE ="NULL" PICTURETEXT ="" PRECISION ="10" SCALE ="0"/>
        <TARGETFIELD BUSINESSNAME ="" DATATYPE ="string" DESCRIPTION ="" FIELDNUMBER ="10" KEYTYPE ="NOT A KEY" NAME ="BENIFICIARY_NAME" NULLABLE ="NULL" PICTURETEXT ="" PRECISION ="10" SCALE ="0"/>
        <TARGETFIELD BUSINESSNAME ="" DATATYPE ="string" DESCRIPTION ="" FIELDNUMBER ="11" KEYTYPE ="NOT A KEY" NAME ="POLICY_END_DATE" NULLABLE ="NULL" PICTURETEXT ="" PRECISION ="10" SCALE ="0"/>
        <TARGETFIELD BUSINESSNAME ="" DATATYPE ="string" DESCRIPTION ="" FIELDNUMBER ="12" KEYTYPE ="NOT A KEY" NAME ="BRAND_CAR" NULLABLE ="NULL" PICTURETEXT ="" PRECISION ="10" SCALE ="0"/>
        <TARGETFIELD BUSINESSNAME ="" DATATYPE ="string" DESCRIPTION ="" FIELDNUMBER ="13" KEYTYPE ="NOT A KEY" NAME ="CAR_MODEL" NULLABLE ="NULL" PICTURETEXT ="" PRECISION ="10" SCALE ="0"/>
        <TARGETFIELD BUSINESSNAME ="" DATATYPE ="string" DESCRIPTION ="" FIELDNUMBER ="14" KEYTYPE ="NOT A KEY" NAME ="YEAR_OF_MAKE" NULLABLE ="NULL" PICTURETEXT ="" PRECISION ="10" SCALE ="0"/>
        <TARGETFIELD BUSINESSNAME ="" DATATYPE ="int" DESCRIPTION ="" FIELDNUMBER ="15" KEYTYPE ="NOT A KEY" NAME ="ENGINE_NUMBER" NULLABLE ="NULL" PICTURETEXT ="" PRECISION ="10" SCALE ="0"/>
        <TABLEATTRIBUTE NAME ="Datetime Format" VALUE ="A  19 mm/dd/yyyy hh24:mi:ss"/>
        <TABLEATTRIBUTE NAME ="Thousand Separator" VALUE ="None"/>
        <TABLEATTRIBUTE NAME ="Decimal Separator" VALUE ="."/>
        <TABLEATTRIBUTE NAME ="Line Endings" VALUE ="System default"/>
    </TARGET>
    <MAPPING DESCRIPTION ="" ISVALID ="YES" NAME ="m_insurance_10" OBJECTVERSION ="1" VERSIONNUMBER ="1">
        <TRANSFORMATION DESCRIPTION ="" NAME ="SQ_INSURANCE_MOCK_DATA_1#" OBJECTVERSION ="1" REUSABLE ="NO" TYPE ="Source Qualifier" VERSIONNUMBER ="1">
            <TRANSFORMFIELD DATATYPE ="decimal" DEFAULTVALUE ="" DESCRIPTION ="" NAME ="INS_ID" PICTURETEXT ="" PORTTYPE ="INPUT/OUTPUT" PRECISION ="5" SCALE ="0"/>
            <TRANSFORMFIELD DATATYPE ="string" DEFAULTVALUE ="" DESCRIPTION ="" NAME ="FIRST_NAME" PICTURETEXT ="" PORTTYPE ="INPUT/OUTPUT" PRECISION ="12" SCALE ="0"/>
            <TRANSFORMFIELD DATATYPE ="string" DEFAULTVALUE ="" DESCRIPTION ="" NAME ="LAST_NAME" PICTURETEXT ="" PORTTYPE ="INPUT/OUTPUT" PRECISION ="17" SCALE ="0"/>
            <TRANSFORMFIELD DATATYPE ="string" DEFAULTVALUE ="" DESCRIPTION ="" NAME ="GENDER" PICTURETEXT ="" PORTTYPE ="INPUT/OUTPUT" PRECISION ="6" SCALE ="0"/>
            <TRANSFORMFIELD DATATYPE ="string" DEFAULTVALUE ="" DESCRIPTION ="" NAME ="COUNTRY" PICTURETEXT ="" PORTTYPE ="INPUT/OUTPUT" PRECISION ="14" SCALE ="0"/>
            <TRANSFORMFIELD DATATYPE ="string" DEFAULTVALUE ="" DESCRIPTION ="" NAME ="DOB" PICTURETEXT ="" PORTTYPE ="INPUT/OUTPUT" PRECISION ="10" SCALE ="0"/>
            <TRANSFORMFIELD DATATYPE ="string" DEFAULTVALUE ="" DESCRIPTION ="" NAME ="EMAIL" PICTURETEXT ="" PORTTYPE ="INPUT/OUTPUT" PRECISION ="35" SCALE ="0"/>
            <TRANSFORMFIELD DATATYPE ="string" DEFAULTVALUE ="" DESCRIPTION ="" NAME ="PHONE_NUMBER" PICTURETEXT ="" PORTTYPE ="INPUT/OUTPUT" PRECISION ="12" SCALE ="0"/>
            <TRANSFORMFIELD DATATYPE ="decimal" DEFAULTVALUE ="" DESCRIPTION ="" NAME ="POLICY_NUMBER" PICTURETEXT ="" PORTTYPE ="INPUT/OUTPUT" PRECISION ="10" SCALE ="0"/>
            <TRANSFORMFIELD DATATYPE ="string" DEFAULTVALUE ="" DESCRIPTION ="" NAME ="BENEFICIARY_NAME" PICTURETEXT ="" PORTTYPE ="INPUT/OUTPUT" PRECISION ="25" SCALE ="0"/>
            <TRANSFORMFIELD DATATYPE ="string" DEFAULTVALUE ="" DESCRIPTION ="" NAME ="POLICY_AMOUNT" PICTURETEXT ="" PORTTYPE ="INPUT/OUTPUT" PRECISION ="8" SCALE ="0"/>
            <TRANSFORMFIELD DATATYPE ="string" DEFAULTVALUE ="" DESCRIPTION ="" NAME ="POLICY_END_DATE" PICTURETEXT ="" PORTTYPE ="INPUT/OUTPUT" PRECISION ="10" SCALE ="0"/>
            <TABLEATTRIBUTE NAME ="Sql Query" VALUE =""/>
            <TABLEATTRIBUTE NAME ="User Defined Join" VALUE =""/>
            <TABLEATTRIBUTE NAME ="Source Filter" VALUE =""/>
            <TABLEATTRIBUTE NAME ="Number Of Sorted Ports" VALUE ="0"/>
            <TABLEATTRIBUTE NAME ="Tracing Level" VALUE ="Normal"/>
            <TABLEATTRIBUTE NAME ="Select Distinct" VALUE ="NO"/>
            <TABLEATTRIBUTE NAME ="Is Partitionable" VALUE ="NO"/>
            <TABLEATTRIBUTE NAME ="Pre SQL" VALUE =""/>
            <TABLEATTRIBUTE NAME ="Post SQL" VALUE =""/>
            <TABLEATTRIBUTE NAME ="Output is deterministic" VALUE ="NO"/>
            <TABLEATTRIBUTE NAME ="Output is repeatable" VALUE ="Never"/>
        </TRANSFORMATION>
        <TRANSFORMATION DESCRIPTION ="" NAME ="SQ_INSURANCE_MOCK_DATA_2#" OBJECTVERSION ="1" REUSABLE ="NO" TYPE ="Source Qualifier" VERSIONNUMBER ="1">
            <TRANSFORMFIELD DATATYPE ="decimal" DEFAULTVALUE ="" DESCRIPTION ="" NAME ="POLICY_NUMBER" PICTURETEXT ="" PORTTYPE ="INPUT/OUTPUT" PRECISION ="10" SCALE ="0"/>
            <TRANSFORMFIELD DATATYPE ="string" DEFAULTVALUE ="" DESCRIPTION ="" NAME ="BRAND_CAR" PICTURETEXT ="" PORTTYPE ="INPUT/OUTPUT" PRECISION ="13" SCALE ="0"/>
            <TRANSFORMFIELD DATATYPE ="string" DEFAULTVALUE ="" DESCRIPTION ="" NAME ="CAR_MODEL" PICTURETEXT ="" PORTTYPE ="INPUT/OUTPUT" PRECISION ="20" SCALE ="0"/>
            <TRANSFORMFIELD DATATYPE ="decimal" DEFAULTVALUE ="" DESCRIPTION ="" NAME ="YEAR_OF_MAKE" PICTURETEXT ="" PORTTYPE ="INPUT/OUTPUT" PRECISION ="4" SCALE ="0"/>
            <TRANSFORMFIELD DATATYPE ="string" DEFAULTVALUE ="" DESCRIPTION ="" NAME ="ENGINE_NUMBER" PICTURETEXT ="" PORTTYPE ="INPUT/OUTPUT" PRECISION ="17" SCALE ="0"/>
            <TABLEATTRIBUTE NAME ="Sql Query" VALUE =""/>
            <TABLEATTRIBUTE NAME ="User Defined Join" VALUE =""/>
            <TABLEATTRIBUTE NAME ="Source Filter" VALUE =""/>
            <TABLEATTRIBUTE NAME ="Number Of Sorted Ports" VALUE ="0"/>
            <TABLEATTRIBUTE NAME ="Tracing Level" VALUE ="Normal"/>
            <TABLEATTRIBUTE NAME ="Select Distinct" VALUE ="NO"/>
            <TABLEATTRIBUTE NAME ="Is Partitionable" VALUE ="NO"/>
            <TABLEATTRIBUTE NAME ="Pre SQL" VALUE =""/>
            <TABLEATTRIBUTE NAME ="Post SQL" VALUE =""/>
            <TABLEATTRIBUTE NAME ="Output is deterministic" VALUE ="NO"/>
            <TABLEATTRIBUTE NAME ="Output is repeatable" VALUE ="Never"/>
        </TRANSFORMATION>
        <TRANSFORMATION DESCRIPTION ="" NAME ="JNRTRANS" OBJECTVERSION ="1" REUSABLE ="NO" TYPE ="Joiner" VERSIONNUMBER ="1">
            <TRANSFORMFIELD DATATYPE ="decimal" DEFAULTVALUE ="" DESCRIPTION ="" NAME ="INS_ID" PICTURETEXT ="" PORTTYPE ="INPUT/OUTPUT" PRECISION ="5" SCALE ="0"/>
            <TRANSFORMFIELD DATATYPE ="string" DEFAULTVALUE ="" DESCRIPTION ="" NAME ="FIRST_NAME" PICTURETEXT ="" PORTTYPE ="INPUT/OUTPUT" PRECISION ="12" SCALE ="0"/>
            <TRANSFORMFIELD DATATYPE ="string" DEFAULTVALUE ="" DESCRIPTION ="" NAME ="LAST_NAME" PICTURETEXT ="" PORTTYPE ="INPUT/OUTPUT" PRECISION ="17" SCALE ="0"/>
            <TRANSFORMFIELD DATATYPE ="string" DEFAULTVALUE ="" DESCRIPTION ="" NAME ="GENDER" PICTURETEXT ="" PORTTYPE ="INPUT/OUTPUT" PRECISION ="6" SCALE ="0"/>
            <TRANSFORMFIELD DATATYPE ="string" DEFAULTVALUE ="" DESCRIPTION ="" NAME ="COUNTRY" PICTURETEXT ="" PORTTYPE ="INPUT/OUTPUT" PRECISION ="14" SCALE ="0"/>
            <TRANSFORMFIELD DATATYPE ="string" DEFAULTVALUE ="" DESCRIPTION ="" NAME ="DOB" PICTURETEXT ="" PORTTYPE ="INPUT/OUTPUT" PRECISION ="10" SCALE ="0"/>
            <TRANSFORMFIELD DATATYPE ="string" DEFAULTVALUE ="" DESCRIPTION ="" NAME ="EMAIL" PICTURETEXT ="" PORTTYPE ="INPUT/OUTPUT" PRECISION ="35" SCALE ="0"/>
            <TRANSFORMFIELD DATATYPE ="string" DEFAULTVALUE ="" DESCRIPTION ="" NAME ="PHONE_NUMBER" PICTURETEXT ="" PORTTYPE ="INPUT/OUTPUT" PRECISION ="12" SCALE ="0"/>
            <TRANSFORMFIELD DATATYPE ="decimal" DEFAULTVALUE ="" DESCRIPTION ="" NAME ="POLICY_NUMBER" PICTURETEXT ="" PORTTYPE ="INPUT/OUTPUT" PRECISION ="10" SCALE ="0"/>
            <TRANSFORMFIELD DATATYPE ="string" DEFAULTVALUE ="" DESCRIPTION ="" NAME ="BENEFICIARY_NAME" PICTURETEXT ="" PORTTYPE ="INPUT/OUTPUT" PRECISION ="25" SCALE ="0"/>
            <TRANSFORMFIELD DATATYPE ="string" DEFAULTVALUE ="" DESCRIPTION ="" NAME ="POLICY_AMOUNT" PICTURETEXT ="" PORTTYPE ="INPUT/OUTPUT" PRECISION ="8" SCALE ="0"/>
            <TRANSFORMFIELD DATATYPE ="string" DEFAULTVALUE ="" DESCRIPTION ="" NAME ="POLICY_END_DATE" PICTURETEXT ="" PORTTYPE ="INPUT/OUTPUT" PRECISION ="10" SCALE ="0"/>
            <TRANSFORMFIELD DATATYPE ="decimal" DEFAULTVALUE ="" DESCRIPTION ="" NAME ="POLICY_NUMBER1" PICTURETEXT ="" PORTTYPE ="INPUT/OUTPUT/MASTER" PRECISION ="10" SCALE ="0"/>
            <TRANSFORMFIELD DATATYPE ="string" DEFAULTVALUE ="" DESCRIPTION ="" NAME ="BRAND_CAR" PICTURETEXT ="" PORTTYPE ="INPUT/OUTPUT/MASTER" PRECISION ="13" SCALE ="0"/>
            <TRANSFORMFIELD DATATYPE ="string" DEFAULTVALUE ="" DESCRIPTION ="" NAME ="CAR_MODEL" PICTURETEXT ="" PORTTYPE ="INPUT/OUTPUT/MASTER" PRECISION ="20" SCALE ="0"/>
            <TRANSFORMFIELD DATATYPE ="decimal" DEFAULTVALUE ="" DESCRIPTION ="" NAME ="YEAR_OF_MAKE" PICTURETEXT ="" PORTTYPE ="INPUT/OUTPUT/MASTER" PRECISION ="4" SCALE ="0"/>
            <TRANSFORMFIELD DATATYPE ="string" DEFAULTVALUE ="" DESCRIPTION ="" NAME ="ENGINE_NUMBER" PICTURETEXT ="" PORTTYPE ="INPUT/OUTPUT/MASTER" PRECISION ="17" SCALE ="0"/>
            <TABLEATTRIBUTE NAME ="Case Sensitive String Comparison" VALUE ="YES"/>
            <TABLEATTRIBUTE NAME ="Cache Directory" VALUE ="$PMCacheDir"/>
            <TABLEATTRIBUTE NAME ="Join Condition" VALUE ="POLICY_NUMBER1 = POLICY_NUMBER"/>
            <TABLEATTRIBUTE NAME ="Join Type" VALUE ="Normal Join"/>
            <TABLEATTRIBUTE NAME ="Null ordering in master" VALUE ="Null Is Highest Value"/>
            <TABLEATTRIBUTE NAME ="Null ordering in detail" VALUE ="Null Is Highest Value"/>
            <TABLEATTRIBUTE NAME ="Tracing Level" VALUE ="Normal"/>
            <TABLEATTRIBUTE NAME ="Joiner Data Cache Size" VALUE ="Auto"/>
            <TABLEATTRIBUTE NAME ="Joiner Index Cache Size" VALUE ="Auto"/>
            <TABLEATTRIBUTE NAME ="Sorted Input" VALUE ="NO"/>
            <TABLEATTRIBUTE NAME ="Master Sort Order" VALUE ="Auto"/>
            <TABLEATTRIBUTE NAME ="Transformation Scope" VALUE ="All Input"/>
        </TRANSFORMATION>
        <INSTANCE DBDNAME ="FlatFile" DESCRIPTION ="" NAME ="INSURANCE_MOCK_DATA_1#" TRANSFORMATION_NAME ="INSURANCE_MOCK_DATA_1#" TRANSFORMATION_TYPE ="Source Definition" TYPE ="SOURCE"/>
        <INSTANCE DESCRIPTION ="" NAME ="SQ_INSURANCE_MOCK_DATA_1#" REUSABLE ="NO" TRANSFORMATION_NAME ="SQ_INSURANCE_MOCK_DATA_1#" TRANSFORMATION_TYPE ="Source Qualifier" TYPE ="TRANSFORMATION">
            <ASSOCIATED_SOURCE_INSTANCE NAME ="INSURANCE_MOCK_DATA_1#"/>
        </INSTANCE>
        <INSTANCE DBDNAME ="FlatFile" DESCRIPTION ="" NAME ="INSURANCE_MOCK_DATA_2#" TRANSFORMATION_NAME ="INSURANCE_MOCK_DATA_2#" TRANSFORMATION_TYPE ="Source Definition" TYPE ="SOURCE"/>
        <INSTANCE DESCRIPTION ="" NAME ="SQ_INSURANCE_MOCK_DATA_2#" REUSABLE ="NO" TRANSFORMATION_NAME ="SQ_INSURANCE_MOCK_DATA_2#" TRANSFORMATION_TYPE ="Source Qualifier" TYPE ="TRANSFORMATION">
            <ASSOCIATED_SOURCE_INSTANCE NAME ="INSURANCE_MOCK_DATA_2#"/>
        </INSTANCE>
        <INSTANCE DESCRIPTION ="" NAME ="INS_DETAIL" TRANSFORMATION_NAME ="INS_DETAIL1" TRANSFORMATION_TYPE ="Target Definition" TYPE ="TARGET"/>
        <INSTANCE DESCRIPTION ="" NAME ="JNRTRANS" REUSABLE ="NO" TRANSFORMATION_NAME ="JNRTRANS" TRANSFORMATION_TYPE ="Joiner" TYPE ="TRANSFORMATION"/>
        <CONNECTOR FROMFIELD ="INS_ID" FROMINSTANCE ="INSURANCE_MOCK_DATA_1#" FROMINSTANCETYPE ="Source Definition" TOFIELD ="INS_ID" TOINSTANCE ="SQ_INSURANCE_MOCK_DATA_1#" TOINSTANCETYPE ="Source Qualifier"/>
        <CONNECTOR FROMFIELD ="FIRST_NAME" FROMINSTANCE ="INSURANCE_MOCK_DATA_1#" FROMINSTANCETYPE ="Source Definition" TOFIELD ="FIRST_NAME" TOINSTANCE ="SQ_INSURANCE_MOCK_DATA_1#" TOINSTANCETYPE ="Source Qualifier"/>
        <CONNECTOR FROMFIELD ="LAST_NAME" FROMINSTANCE ="INSURANCE_MOCK_DATA_1#" FROMINSTANCETYPE ="Source Definition" TOFIELD ="LAST_NAME" TOINSTANCE ="SQ_INSURANCE_MOCK_DATA_1#" TOINSTANCETYPE ="Source Qualifier"/>
        <CONNECTOR FROMFIELD ="GENDER" FROMINSTANCE ="INSURANCE_MOCK_DATA_1#" FROMINSTANCETYPE ="Source Definition" TOFIELD ="GENDER" TOINSTANCE ="SQ_INSURANCE_MOCK_DATA_1#" TOINSTANCETYPE ="Source Qualifier"/>
        <CONNECTOR FROMFIELD ="COUNTRY" FROMINSTANCE ="INSURANCE_MOCK_DATA_1#" FROMINSTANCETYPE ="Source Definition" TOFIELD ="COUNTRY" TOINSTANCE ="SQ_INSURANCE_MOCK_DATA_1#" TOINSTANCETYPE ="Source Qualifier"/>
        <CONNECTOR FROMFIELD ="DOB" FROMINSTANCE ="INSURANCE_MOCK_DATA_1#" FROMINSTANCETYPE ="Source Definition" TOFIELD ="DOB" TOINSTANCE ="SQ_INSURANCE_MOCK_DATA_1#" TOINSTANCETYPE ="Source Qualifier"/>
        <CONNECTOR FROMFIELD ="EMAIL" FROMINSTANCE ="INSURANCE_MOCK_DATA_1#" FROMINSTANCETYPE ="Source Definition" TOFIELD ="EMAIL" TOINSTANCE ="SQ_INSURANCE_MOCK_DATA_1#" TOINSTANCETYPE ="Source Qualifier"/>
        <CONNECTOR FROMFIELD ="PHONE_NUMBER" FROMINSTANCE ="INSURANCE_MOCK_DATA_1#" FROMINSTANCETYPE ="Source Definition" TOFIELD ="PHONE_NUMBER" TOINSTANCE ="SQ_INSURANCE_MOCK_DATA_1#" TOINSTANCETYPE ="Source Qualifier"/>
        <CONNECTOR FROMFIELD ="POLICY_NUMBER" FROMINSTANCE ="INSURANCE_MOCK_DATA_1#" FROMINSTANCETYPE ="Source Definition" TOFIELD ="POLICY_NUMBER" TOINSTANCE ="SQ_INSURANCE_MOCK_DATA_1#" TOINSTANCETYPE ="Source Qualifier"/>
        <CONNECTOR FROMFIELD ="BENEFICIARY_NAME" FROMINSTANCE ="INSURANCE_MOCK_DATA_1#" FROMINSTANCETYPE ="Source Definition" TOFIELD ="BENEFICIARY_NAME" TOINSTANCE ="SQ_INSURANCE_MOCK_DATA_1#" TOINSTANCETYPE ="Source Qualifier"/>
        <CONNECTOR FROMFIELD ="POLICY_AMOUNT" FROMINSTANCE ="INSURANCE_MOCK_DATA_1#" FROMINSTANCETYPE ="Source Definition" TOFIELD ="POLICY_AMOUNT" TOINSTANCE ="SQ_INSURANCE_MOCK_DATA_1#" TOINSTANCETYPE ="Source Qualifier"/>
        <CONNECTOR FROMFIELD ="POLICY_END_DATE" FROMINSTANCE ="INSURANCE_MOCK_DATA_1#" FROMINSTANCETYPE ="Source Definition" TOFIELD ="POLICY_END_DATE" TOINSTANCE ="SQ_INSURANCE_MOCK_DATA_1#" TOINSTANCETYPE ="Source Qualifier"/>
        <CONNECTOR FROMFIELD ="INS_ID" FROMINSTANCE ="SQ_INSURANCE_MOCK_DATA_1#" FROMINSTANCETYPE ="Source Qualifier" TOFIELD ="INS_ID" TOINSTANCE ="JNRTRANS" TOINSTANCETYPE ="Joiner"/>
        <CONNECTOR FROMFIELD ="FIRST_NAME" FROMINSTANCE ="SQ_INSURANCE_MOCK_DATA_1#" FROMINSTANCETYPE ="Source Qualifier" TOFIELD ="FIRST_NAME" TOINSTANCE ="JNRTRANS" TOINSTANCETYPE ="Joiner"/>
        <CONNECTOR FROMFIELD ="LAST_NAME" FROMINSTANCE ="SQ_INSURANCE_MOCK_DATA_1#" FROMINSTANCETYPE ="Source Qualifier" TOFIELD ="LAST_NAME" TOINSTANCE ="JNRTRANS" TOINSTANCETYPE ="Joiner"/>
        <CONNECTOR FROMFIELD ="GENDER" FROMINSTANCE ="SQ_INSURANCE_MOCK_DATA_1#" FROMINSTANCETYPE ="Source Qualifier" TOFIELD ="GENDER" TOINSTANCE ="JNRTRANS" TOINSTANCETYPE ="Joiner"/>
        <CONNECTOR FROMFIELD ="COUNTRY" FROMINSTANCE ="SQ_INSURANCE_MOCK_DATA_1#" FROMINSTANCETYPE ="Source Qualifier" TOFIELD ="COUNTRY" TOINSTANCE ="JNRTRANS" TOINSTANCETYPE ="Joiner"/>
        <CONNECTOR FROMFIELD ="DOB" FROMINSTANCE ="SQ_INSURANCE_MOCK_DATA_1#" FROMINSTANCETYPE ="Source Qualifier" TOFIELD ="DOB" TOINSTANCE ="JNRTRANS" TOINSTANCETYPE ="Joiner"/>
        <CONNECTOR FROMFIELD ="EMAIL" FROMINSTANCE ="SQ_INSURANCE_MOCK_DATA_1#" FROMINSTANCETYPE ="Source Qualifier" TOFIELD ="EMAIL" TOINSTANCE ="JNRTRANS" TOINSTANCETYPE ="Joiner"/>
        <CONNECTOR FROMFIELD ="PHONE_NUMBER" FROMINSTANCE ="SQ_INSURANCE_MOCK_DATA_1#" FROMINSTANCETYPE ="Source Qualifier" TOFIELD ="PHONE_NUMBER" TOINSTANCE ="JNRTRANS" TOINSTANCETYPE ="Joiner"/>
        <CONNECTOR FROMFIELD ="POLICY_NUMBER" FROMINSTANCE ="SQ_INSURANCE_MOCK_DATA_1#" FROMINSTANCETYPE ="Source Qualifier" TOFIELD ="POLICY_NUMBER" TOINSTANCE ="JNRTRANS" TOINSTANCETYPE ="Joiner"/>
        <CONNECTOR FROMFIELD ="BENEFICIARY_NAME" FROMINSTANCE ="SQ_INSURANCE_MOCK_DATA_1#" FROMINSTANCETYPE ="Source Qualifier" TOFIELD ="BENEFICIARY_NAME" TOINSTANCE ="JNRTRANS" TOINSTANCETYPE ="Joiner"/>
        <CONNECTOR FROMFIELD ="POLICY_AMOUNT" FROMINSTANCE ="SQ_INSURANCE_MOCK_DATA_1#" FROMINSTANCETYPE ="Source Qualifier" TOFIELD ="POLICY_AMOUNT" TOINSTANCE ="JNRTRANS" TOINSTANCETYPE ="Joiner"/>
        <CONNECTOR FROMFIELD ="POLICY_END_DATE" FROMINSTANCE ="SQ_INSURANCE_MOCK_DATA_1#" FROMINSTANCETYPE ="Source Qualifier" TOFIELD ="POLICY_END_DATE" TOINSTANCE ="JNRTRANS" TOINSTANCETYPE ="Joiner"/>
        <CONNECTOR FROMFIELD ="POLICY_NUMBER" FROMINSTANCE ="INSURANCE_MOCK_DATA_2#" FROMINSTANCETYPE ="Source Definition" TOFIELD ="POLICY_NUMBER" TOINSTANCE ="SQ_INSURANCE_MOCK_DATA_2#" TOINSTANCETYPE ="Source Qualifier"/>
        <CONNECTOR FROMFIELD ="BRAND_CAR" FROMINSTANCE ="INSURANCE_MOCK_DATA_2#" FROMINSTANCETYPE ="Source Definition" TOFIELD ="BRAND_CAR" TOINSTANCE ="SQ_INSURANCE_MOCK_DATA_2#" TOINSTANCETYPE ="Source Qualifier"/>
        <CONNECTOR FROMFIELD ="CAR_MODEL" FROMINSTANCE ="INSURANCE_MOCK_DATA_2#" FROMINSTANCETYPE ="Source Definition" TOFIELD ="CAR_MODEL" TOINSTANCE ="SQ_INSURANCE_MOCK_DATA_2#" TOINSTANCETYPE ="Source Qualifier"/>
        <CONNECTOR FROMFIELD ="YEAR_OF_MAKE" FROMINSTANCE ="INSURANCE_MOCK_DATA_2#" FROMINSTANCETYPE ="Source Definition" TOFIELD ="YEAR_OF_MAKE" TOINSTANCE ="SQ_INSURANCE_MOCK_DATA_2#" TOINSTANCETYPE ="Source Qualifier"/>
        <CONNECTOR FROMFIELD ="ENGINE_NUMBER" FROMINSTANCE ="INSURANCE_MOCK_DATA_2#" FROMINSTANCETYPE ="Source Definition" TOFIELD ="ENGINE_NUMBER" TOINSTANCE ="SQ_INSURANCE_MOCK_DATA_2#" TOINSTANCETYPE ="Source Qualifier"/>
        <CONNECTOR FROMFIELD ="POLICY_NUMBER" FROMINSTANCE ="SQ_INSURANCE_MOCK_DATA_2#" FROMINSTANCETYPE ="Source Qualifier" TOFIELD ="POLICY_NUMBER1" TOINSTANCE ="JNRTRANS" TOINSTANCETYPE ="Joiner"/>
        <CONNECTOR FROMFIELD ="BRAND_CAR" FROMINSTANCE ="SQ_INSURANCE_MOCK_DATA_2#" FROMINSTANCETYPE ="Source Qualifier" TOFIELD ="BRAND_CAR" TOINSTANCE ="JNRTRANS" TOINSTANCETYPE ="Joiner"/>
        <CONNECTOR FROMFIELD ="CAR_MODEL" FROMINSTANCE ="SQ_INSURANCE_MOCK_DATA_2#" FROMINSTANCETYPE ="Source Qualifier" TOFIELD ="CAR_MODEL" TOINSTANCE ="JNRTRANS" TOINSTANCETYPE ="Joiner"/>
        <CONNECTOR FROMFIELD ="YEAR_OF_MAKE" FROMINSTANCE ="SQ_INSURANCE_MOCK_DATA_2#" FROMINSTANCETYPE ="Source Qualifier" TOFIELD ="YEAR_OF_MAKE" TOINSTANCE ="JNRTRANS" TOINSTANCETYPE ="Joiner"/>
        <CONNECTOR FROMFIELD ="ENGINE_NUMBER" FROMINSTANCE ="SQ_INSURANCE_MOCK_DATA_2#" FROMINSTANCETYPE ="Source Qualifier" TOFIELD ="ENGINE_NUMBER" TOINSTANCE ="JNRTRANS" TOINSTANCETYPE ="Joiner"/>
        <CONNECTOR FROMFIELD ="INS_ID" FROMINSTANCE ="JNRTRANS" FROMINSTANCETYPE ="Joiner" TOFIELD ="INS_ID" TOINSTANCE ="INS_DETAIL" TOINSTANCETYPE ="Target Definition"/>
        <CONNECTOR FROMFIELD ="FIRST_NAME" FROMINSTANCE ="JNRTRANS" FROMINSTANCETYPE ="Joiner" TOFIELD ="FIRST_NAME" TOINSTANCE ="INS_DETAIL" TOINSTANCETYPE ="Target Definition"/>
        <CONNECTOR FROMFIELD ="LAST_NAME" FROMINSTANCE ="JNRTRANS" FROMINSTANCETYPE ="Joiner" TOFIELD ="LAST_NAME" TOINSTANCE ="INS_DETAIL" TOINSTANCETYPE ="Target Definition"/>
        <CONNECTOR FROMFIELD ="GENDER" FROMINSTANCE ="JNRTRANS" FROMINSTANCETYPE ="Joiner" TOFIELD ="GENDER" TOINSTANCE ="INS_DETAIL" TOINSTANCETYPE ="Target Definition"/>
        <CONNECTOR FROMFIELD ="COUNTRY" FROMINSTANCE ="JNRTRANS" FROMINSTANCETYPE ="Joiner" TOFIELD ="COUNTRY" TOINSTANCE ="INS_DETAIL" TOINSTANCETYPE ="Target Definition"/>
        <CONNECTOR FROMFIELD ="DOB" FROMINSTANCE ="JNRTRANS" FROMINSTANCETYPE ="Joiner" TOFIELD ="DOB" TOINSTANCE ="INS_DETAIL" TOINSTANCETYPE ="Target Definition"/>
        <CONNECTOR FROMFIELD ="EMAIL" FROMINSTANCE ="JNRTRANS" FROMINSTANCETYPE ="Joiner" TOFIELD ="EMAIL" TOINSTANCE ="INS_DETAIL" TOINSTANCETYPE ="Target Definition"/>
        <CONNECTOR FROMFIELD ="PHONE_NUMBER" FROMINSTANCE ="JNRTRANS" FROMINSTANCETYPE ="Joiner" TOFIELD ="PHONE_NUMBER" TOINSTANCE ="INS_DETAIL" TOINSTANCETYPE ="Target Definition"/>
        <CONNECTOR FROMFIELD ="POLICY_AMOUNT" FROMINSTANCE ="JNRTRANS" FROMINSTANCETYPE ="Joiner" TOFIELD ="POLICY_AMOUNT" TOINSTANCE ="INS_DETAIL" TOINSTANCETYPE ="Target Definition"/>
        <CONNECTOR FROMFIELD ="BENEFICIARY_NAME" FROMINSTANCE ="JNRTRANS" FROMINSTANCETYPE ="Joiner" TOFIELD ="BENIFICIARY_NAME" TOINSTANCE ="INS_DETAIL" TOINSTANCETYPE ="Target Definition"/>
        <CONNECTOR FROMFIELD ="POLICY_END_DATE" FROMINSTANCE ="JNRTRANS" FROMINSTANCETYPE ="Joiner" TOFIELD ="POLICY_END_DATE" TOINSTANCE ="INS_DETAIL" TOINSTANCETYPE ="Target Definition"/>
        <CONNECTOR FROMFIELD ="BRAND_CAR" FROMINSTANCE ="JNRTRANS" FROMINSTANCETYPE ="Joiner" TOFIELD ="BRAND_CAR" TOINSTANCE ="INS_DETAIL" TOINSTANCETYPE ="Target Definition"/>
        <CONNECTOR FROMFIELD ="CAR_MODEL" FROMINSTANCE ="JNRTRANS" FROMINSTANCETYPE ="Joiner" TOFIELD ="CAR_MODEL" TOINSTANCE ="INS_DETAIL" TOINSTANCETYPE ="Target Definition"/>
        <CONNECTOR FROMFIELD ="YEAR_OF_MAKE" FROMINSTANCE ="JNRTRANS" FROMINSTANCETYPE ="Joiner" TOFIELD ="YEAR_OF_MAKE" TOINSTANCE ="INS_DETAIL" TOINSTANCETYPE ="Target Definition"/>
        <CONNECTOR FROMFIELD ="ENGINE_NUMBER" FROMINSTANCE ="JNRTRANS" FROMINSTANCETYPE ="Joiner" TOFIELD ="ENGINE_NUMBER" TOINSTANCE ="INS_DETAIL" TOINSTANCETYPE ="Target Definition"/>
        <TARGETLOADORDER ORDER ="1" TARGETINSTANCE ="INS_DETAIL"/>
    </MAPPING>
</FOLDER>
</REPOSITORY>
</POWERMART>