<?xml version="1.0" encoding="Windows-1252"?>
<!-- Informatica proprietary -->
<!DOCTYPE POWERMART SYSTEM "powrmart.dtd">
<POWERMART CREATION_DATE="03/13/2025 12:50:22" REPOSITORY_VERSION="189.98">
<REPOSITORY NAME="REP" VERSION="189" CODEPAGE="MS1252" DATABASETYPE="Oracle">
<FOLDER NAME="Test" GROUP="" OWNER="Administrator" SHARED="NOTSHARED" DESCRIPTION="" PERMISSIONS="rwx---r--" UUID="8218d282-cb8a-40be-9551-42ee51c884c5">
    <SOURCE BUSINESSNAME ="" DATABASETYPE ="Flat File" DBDNAME ="FlatFile" DESCRIPTION ="" NAME ="Subgrp_2387336" OBJECTVERSION ="1" OWNERNAME ="" VERSIONNUMBER ="1">
        <FLATFILE CODEPAGE ="MS1252" CONSECDELIMITERSASONE ="NO" DELIMITED ="YES" DELIMITERS ="&#x5c;011" ESCAPE_CHARACTER ="" KEEPESCAPECHAR ="NO" LINESEQUENTIAL ="NO" MULTIDELIMITERSASAND ="NO" NULLCHARTYPE ="ASCII" NULL_CHARACTER ="*" PADBYTES ="1" QUOTE_CHARACTER ="NONE" REPEATABLE ="NO" ROWDELIMITER ="0" SHIFTSENSITIVEDATA ="NO" SKIPROWS ="1" STRIPTRAILINGBLANKS ="NO"/>
        <TABLEATTRIBUTE NAME ="Base Table Name" VALUE =""/>
        <TABLEATTRIBUTE NAME ="Search Specification" VALUE =""/>
        <TABLEATTRIBUTE NAME ="Sort Specification" VALUE =""/>
        <TABLEATTRIBUTE NAME ="Datetime Format" VALUE ="A  19 mm/dd/yyyy hh24:mi:ss"/>
        <TABLEATTRIBUTE NAME ="Thousand Separator" VALUE ="None"/>
        <TABLEATTRIBUTE NAME ="Decimal Separator" VALUE ="."/>
        <TABLEATTRIBUTE NAME ="Add Currently Processed Flat File Name Port" VALUE ="NO"/>
        <TABLEATTRIBUTE NAME ="Source TimeStamp" VALUE =""/>
        <SOURCEFIELD BUSINESSNAME ="" DATATYPE ="number" DESCRIPTION ="" FIELDNUMBER ="1" FIELDPROPERTY ="0" FIELDTYPE ="ELEMITEM" HIDDEN ="NO" KEYTYPE ="NOT A KEY" LENGTH ="1" LEVEL ="0" NAME ="SUBGRP_ID" NULLABLE ="NULL" OCCURS ="0" OFFSET ="0" PHYSICALLENGTH ="1" PHYSICALOFFSET ="0" PICTURETEXT ="" PRECISION ="1" SCALE ="0" USAGE_FLAGS =""/>
        <SOURCEFIELD BUSINESSNAME ="" DATATYPE ="string" DESCRIPTION ="" FIELDNUMBER ="2" FIELDPROPERTY ="0" FIELDTYPE ="ELEMITEM" HIDDEN ="NO" KEYTYPE ="NOT A KEY" LENGTH ="10" LEVEL ="0" NAME ="SUBGRP_NAME" NULLABLE ="NULL" OCCURS ="0" OFFSET ="1" PHYSICALLENGTH ="10" PHYSICALOFFSET ="1" PICTURETEXT ="" PRECISION ="10" SCALE ="0" USAGE_FLAGS =""/>
        <SOURCEFIELD BUSINESSNAME ="" DATATYPE ="string" DESCRIPTION ="" FIELDNUMBER ="3" FIELDPROPERTY ="0" FIELDTYPE ="ELEMITEM" HIDDEN ="NO" KEYTYPE ="NOT A KEY" LENGTH ="9" LEVEL ="0" NAME ="EFF_DT" NULLABLE ="NULL" OCCURS ="0" OFFSET ="11" PHYSICALLENGTH ="9" PHYSICALOFFSET ="11" PICTURETEXT ="" PRECISION ="9" SCALE ="0" USAGE_FLAGS =""/>
        <SOURCEFIELD BUSINESSNAME ="" DATATYPE ="string" DESCRIPTION ="" FIELDNUMBER ="4" FIELDPROPERTY ="0" FIELDTYPE ="ELEMITEM" HIDDEN ="NO" KEYTYPE ="NOT A KEY" LENGTH ="10" LEVEL ="0" NAME ="TERM_DT" NULLABLE ="NULL" OCCURS ="0" OFFSET ="20" PHYSICALLENGTH ="10" PHYSICALOFFSET ="20" PICTURETEXT ="" PRECISION ="10" SCALE ="0" USAGE_FLAGS =""/>
        <SOURCEFIELD BUSINESSNAME ="" DATATYPE ="number" DESCRIPTION ="" FIELDNUMBER ="5" FIELDPROPERTY ="0" FIELDTYPE ="ELEMITEM" HIDDEN ="NO" KEYTYPE ="NOT A KEY" LENGTH ="5" LEVEL ="0" NAME ="GROUP_ID" NULLABLE ="NULL" OCCURS ="0" OFFSET ="30" PHYSICALLENGTH ="5" PHYSICALOFFSET ="30" PICTURETEXT ="" PRECISION ="5" SCALE ="0" USAGE_FLAGS =""/>
    </SOURCE>
</FOLDER>
</REPOSITORY>
</POWERMART>